{"type":"FeatureCollection","_source":"ขอบเขตอำเภอจาก github.com/chingchai/OpenGISData-Thailand (districts.geojson) — ตัดเฉพาะ 4 จังหวัดเขตสุขภาพที่ 7","features":[{"type":"Feature","properties":{"code":"4012","name":"พล","pv":"40","pv_name":"ขอนแก่น"},"geometry":{"type":"MultiPolygon","coordinates":[[[[102.6787,15.76152],[102.67426,15.74471],[102.67914,15.72833],[102.66667,15.7158],[102.63876,15.7153],[102.60974,15.72839],[102.59725,15.71239],[102.58171,15.70675],[102.56523,15.70787],[102.55583,15.70405],[102.53259,15.71155],[102.53243,15.71204],[102.5322,15.71251],[102.51321,15.72795],[102.48174,15.71751],[102.45274,15.71656],[102.46195,15.73141],[102.45643,15.76578],[102.46158,15.7818],[102.4799,15.78778],[102.50249,15.78587],[102.50715,15.80094],[102.50234,15.82119],[102.49882,15.83899],[102.50979,15.85454],[102.51605,15.88142],[102.51716,15.8889],[102.52688,15.88599],[102.53576,15.88469],[102.55157,15.89369],[102.55794,15.89746],[102.56658,15.90659],[102.5773,15.91309],[102.57253,15.93146],[102.58972,15.93419],[102.61094,15.91071],[102.62908,15.91628],[102.64518,15.90694],[102.65421,15.90803],[102.66423,15.90616],[102.69559,15.90348],[102.70897,15.86668],[102.7001,15.85195],[102.69564,15.84275],[102.69507,15.83389],[102.70378,15.82],[102.68692,15.7914],[102.6889,15.77963],[102.68045,15.77138],[102.6787,15.76152]]]]}},{"type":"Feature","properties":{"code":"4013","name":"แวงใหญ่","pv":"40","pv_name":"ขอนแก่น"},"geometry":{"type":"MultiPolygon","coordinates":[[[[102.55157,15.89369],[102.53576,15.88469],[102.52688,15.88599],[102.51716,15.8889],[102.51605,15.88142],[102.48965,15.87848],[102.44427,15.88149],[102.44004,15.87743],[102.4238,15.87132],[102.40775,15.87283],[102.38868,15.88377],[102.35281,15.89383],[102.35326,15.90099],[102.35321,15.90862],[102.36139,15.92043],[102.35828,15.92674],[102.3623,15.92886],[102.35495,15.93086],[102.36373,15.93278],[102.36734,15.9432],[102.369,15.94855],[102.37475,15.94644],[102.37061,15.94904],[102.37431,15.95445],[102.36903,15.95359],[102.37146,15.95824],[102.36691,15.95557],[102.36692,15.96517],[102.37231,15.96801],[102.37178,15.97545],[102.38551,15.98078],[102.38514,15.98614],[102.39003,15.97882],[102.39218,15.98706],[102.40445,15.98129],[102.41267,15.9848],[102.40891,15.98601],[102.41141,15.99155],[102.41426,15.99012],[102.4127,15.99567],[102.41795,15.99081],[102.42067,15.99804],[102.42314,15.99144],[102.42685,15.99612],[102.44,15.97973],[102.47692,15.96278],[102.48778,15.96795],[102.4998,15.9792],[102.50671,15.97819],[102.51209,15.97392],[102.52899,15.97479],[102.53286,15.96655],[102.55054,15.97054],[102.56108,15.96272],[102.55402,15.95181],[102.57253,15.93146],[102.5773,15.91309],[102.56658,15.90659],[102.55794,15.89746],[102.55157,15.89369]]]]}},{"type":"Feature","properties":{"code":"4010","name":"บ้านไผ่","pv":"40","pv_name":"ขอนแก่น"},"geometry":{"type":"MultiPolygon","coordinates":[[[[102.8452,15.94438],[102.83735,15.92506],[102.80564,15.91282],[102.78094,15.87715],[102.76739,15.87915],[102.76623,15.89219],[102.75433,15.89146],[102.75911,15.94347],[102.76538,15.9573],[102.74869,15.97335],[102.73396,15.98009],[102.71117,16.01046],[102.7108,16.01097],[102.67905,16.03146],[102.68007,16.04023],[102.67823,16.04009],[102.65429,16.04227],[102.65595,16.05368],[102.64702,16.06162],[102.65269,16.07159],[102.65048,16.09029],[102.6525,16.10141],[102.63894,16.11808],[102.63901,16.13707],[102.64647,16.1463],[102.64493,16.1575],[102.65063,16.15687],[102.64792,16.16017],[102.65486,16.16558],[102.66114,16.1648],[102.65607,16.17083],[102.65835,16.17738],[102.66624,16.1745],[102.66708,16.17904],[102.67326,16.17939],[102.66829,16.18074],[102.66841,16.1871],[102.68177,16.18674],[102.69087,16.17061],[102.68553,16.14771],[102.74904,16.14004],[102.75059,16.14508],[102.76913,16.15206],[102.79507,16.15227],[102.81239,16.15169],[102.82829,16.16014],[102.84598,16.1476],[102.85476,16.12812],[102.86465,16.12354],[102.86847,16.12701],[102.86106,16.09401],[102.84833,16.07189],[102.86203,16.05698],[102.85643,16.04738],[102.8595,16.04021],[102.88157,16.04604],[102.88933,16.0551],[102.89091,16.04991],[102.89537,16.05328],[102.89088,16.04701],[102.89413,16.04566],[102.89206,16.0397],[102.88508,16.03797],[102.8904,16.03501],[102.88334,16.01455],[102.88949,16.00525],[102.89399,15.99302],[102.90508,15.98343],[102.90552,15.97354],[102.88797,15.97712],[102.87356,15.97174],[102.85462,15.95999],[102.8452,15.94438]]]]}},{"type":"Feature","properties":{"code":"4011","name":"เปือยน้อย","pv":"40","pv_name":"ขอนแก่น"},"geometry":{"type":"MultiPolygon","coordinates":[[[[102.91918,15.82224],[102.92403,15.8203],[102.90857,15.80836],[102.90083,15.83629],[102.88641,15.84891],[102.8613,15.85827],[102.85114,15.85767],[102.84738,15.85161],[102.82755,15.85207],[102.8123,15.84641],[102.79329,15.85866],[102.78821,15.86246],[102.77856,15.87055],[102.78094,15.87715],[102.80564,15.91282],[102.83735,15.92506],[102.8452,15.94438],[102.85462,15.95999],[102.87356,15.97174],[102.88797,15.97712],[102.90552,15.97354],[102.89057,15.93709],[102.9098,15.9247],[102.90211,15.91057],[102.90288,15.9024],[102.90607,15.89663],[102.91464,15.89668],[102.93035,15.88575],[102.92271,15.86963],[102.92472,15.86225],[102.92003,15.84111],[102.92303,15.83646],[102.91918,15.82224]]]]}},{"type":"Feature","properties":{"code":"4018","name":"ชนบท","pv":"40","pv_name":"ขอนแก่น"},"geometry":{"type":"MultiPolygon","coordinates":[[[[102.6378,15.93817],[102.64402,15.91403],[102.65421,15.90803],[102.64518,15.90694],[102.62908,15.91628],[102.61094,15.91071],[102.58972,15.93419],[102.57253,15.93146],[102.55402,15.95181],[102.56108,15.96272],[102.55054,15.97054],[102.53286,15.96655],[102.52899,15.97479],[102.51209,15.97392],[102.50671,15.97819],[102.4998,15.9792],[102.48778,15.96795],[102.47692,15.96278],[102.44,15.97973],[102.42685,15.99612],[102.42502,15.99874],[102.429,15.99696],[102.43451,16.00491],[102.4301,16.00971],[102.43833,16.01562],[102.43297,16.01492],[102.43171,16.01852],[102.43536,16.02743],[102.44083,16.03004],[102.44627,16.02547],[102.45351,16.02942],[102.4504,16.03374],[102.45502,16.03475],[102.45362,16.04345],[102.4462,16.05339],[102.46452,16.0597],[102.48015,16.05074],[102.48117,16.06263],[102.48911,16.06348],[102.49284,16.07947],[102.50027,16.08889],[102.50446,16.0848],[102.50011,16.0781],[102.51187,16.07843],[102.51242,16.08604],[102.51674,16.08823],[102.54104,16.07377],[102.54927,16.07742],[102.53788,16.08031],[102.54208,16.08473],[102.5557,16.08957],[102.58205,16.09009],[102.57951,16.09488],[102.57358,16.09182],[102.5695,16.09739],[102.57198,16.10728],[102.5844,16.10831],[102.5756,16.11299],[102.57912,16.11859],[102.58233,16.11613],[102.5801,16.12082],[102.58726,16.13015],[102.58721,16.12541],[102.59987,16.12114],[102.6038,16.12379],[102.60026,16.12727],[102.60952,16.13187],[102.60818,16.12872],[102.61293,16.12739],[102.61654,16.13446],[102.62049,16.12686],[102.62565,16.12959],[102.62219,16.1314],[102.62602,16.1359],[102.62443,16.14243],[102.63037,16.1404],[102.63427,16.14548],[102.63305,16.14012],[102.63901,16.13707],[102.63894,16.11808],[102.6525,16.10141],[102.65048,16.09029],[102.65269,16.07159],[102.64702,16.06162],[102.63215,16.03797],[102.61894,16.02012],[102.6029,16.00997],[102.6017,16.00423],[102.61,15.99642],[102.61362,15.98136],[102.63067,15.95863],[102.63711,15.94904],[102.6378,15.93817]]]]}},{"type":"Feature","properties":{"code":"4019","name":"เขาสวนกวาง","pv":"40","pv_name":"ขอนแก่น"},"geometry":{"type":"MultiPolygon","coordinates":[[[[102.8988,16.85701],[102.91789,16.83497],[102.9183,16.82335],[102.90385,16.79774],[102.89873,16.79699],[102.87393,16.79674],[102.85592,16.80577],[102.8461,16.79841],[102.83284,16.80546],[102.82118,16.8146],[102.80911,16.81162],[102.78924,16.82843],[102.77752,16.83308],[102.7735,16.8312],[102.77471,16.82409],[102.76556,16.82253],[102.75381,16.83398],[102.74631,16.82475],[102.7314,16.81757],[102.72757,16.8224],[102.72301,16.8267],[102.72645,16.83074],[102.71961,16.83791],[102.73456,16.84554],[102.73135,16.85987],[102.73408,16.88184],[102.74617,16.91267],[102.74388,16.92269],[102.73677,16.95426],[102.70988,16.96059],[102.69943,16.97028],[102.67953,16.96801],[102.67624,16.98183],[102.66942,16.99367],[102.67971,17.01562],[102.67964,17.05054],[102.68876,17.06387],[102.69893,17.06999],[102.69959,17.08701],[102.70816,17.08666],[102.71714,17.06479],[102.71558,17.05773],[102.72231,17.04979],[102.75021,17.04161],[102.76216,17.0275],[102.78721,17.01557],[102.7955,17.00813],[102.80181,16.98838],[102.82195,16.97499],[102.82536,16.97127],[102.80424,16.9567],[102.80462,16.95179],[102.8209,16.93866],[102.81599,16.92532],[102.80901,16.91531],[102.8126,16.90401],[102.81042,16.89172],[102.81475,16.8841],[102.82017,16.88015],[102.82433,16.86209],[102.83249,16.86882],[102.84171,16.86848],[102.8413,16.8724],[102.84802,16.87326],[102.85431,16.88264],[102.86701,16.87863],[102.87262,16.88113],[102.87505,16.87578],[102.87709,16.87223],[102.88333,16.87542],[102.88809,16.86543],[102.8988,16.85701]]]]}},{"type":"Feature","properties":{"code":"4016","name":"ภูเวียง","pv":"40","pv_name":"ขอนแก่น"},"geometry":{"type":"MultiPolygon","coordinates":[[[[102.54532,16.60407],[102.54194,16.5954],[102.5529,16.58145],[102.55622,16.56574],[102.54835,16.55596],[102.53356,16.55838],[102.52994,16.55491],[102.53307,16.55144],[102.52869,16.55108],[102.52269,16.55475],[102.51986,16.53933],[102.50887,16.53809],[102.50001,16.54463],[102.49062,16.53772],[102.4805,16.54492],[102.46897,16.54469],[102.4681,16.56067],[102.45851,16.57367],[102.44946,16.59829],[102.42539,16.60299],[102.41639,16.59315],[102.41203,16.58548],[102.40055,16.57927],[102.39067,16.58179],[102.37979,16.5836],[102.36046,16.57353],[102.34874,16.57529],[102.3294,16.56985],[102.32369,16.56307],[102.31029,16.56697],[102.28362,16.56181],[102.28775,16.57357],[102.30499,16.57557],[102.31568,16.58321],[102.30918,16.59467],[102.28696,16.6005],[102.27491,16.61458],[102.32383,16.64364],[102.34668,16.663],[102.35224,16.68074],[102.36109,16.69952],[102.36336,16.71728],[102.35975,16.73347],[102.38024,16.73386],[102.40215,16.73551],[102.40555,16.74296],[102.42281,16.74613],[102.42211,16.76957],[102.433,16.79473],[102.44544,16.79188],[102.45002,16.79484],[102.44774,16.80285],[102.45358,16.8058],[102.45361,16.8109],[102.46337,16.80705],[102.47121,16.8025],[102.47897,16.80733],[102.49653,16.8036],[102.51967,16.7933],[102.53783,16.78463],[102.55051,16.78159],[102.60231,16.77228],[102.61084,16.77128],[102.60781,16.70102],[102.5653,16.65723],[102.5585,16.64001],[102.55853,16.61802],[102.54532,16.60407]]]]}},{"type":"Feature","properties":{"code":"4017","name":"มัญจาคีรี","pv":"40","pv_name":"ขอนแก่น"},"geometry":{"type":"MultiPolygon","coordinates":[[[[102.57198,16.10728],[102.5695,16.09739],[102.57358,16.09182],[102.57951,16.09488],[102.58205,16.09009],[102.5557,16.08957],[102.54208,16.08473],[102.53788,16.08031],[102.54927,16.07742],[102.54104,16.07377],[102.51674,16.08823],[102.51242,16.08604],[102.51187,16.07843],[102.50011,16.0781],[102.50446,16.0848],[102.50027,16.08889],[102.49284,16.07947],[102.47707,16.09807],[102.46235,16.09923],[102.46447,16.11677],[102.4495,16.12713],[102.44579,16.15441],[102.43565,16.15144],[102.42235,16.1545],[102.41444,16.14912],[102.41275,16.14007],[102.41851,16.13407],[102.41176,16.1103],[102.41594,16.1042],[102.40647,16.10922],[102.40234,16.12948],[102.37614,16.1582],[102.34538,16.1602],[102.37124,16.19569],[102.40323,16.24285],[102.41441,16.25133],[102.41149,16.27042],[102.41758,16.28728],[102.42472,16.31121],[102.43734,16.32868],[102.43635,16.33628],[102.44596,16.35303],[102.44735,16.37848],[102.45944,16.39422],[102.47063,16.38638],[102.47794,16.38829],[102.47959,16.37972],[102.48859,16.37462],[102.49402,16.36361],[102.5184,16.35403],[102.52932,16.34247],[102.52998,16.33628],[102.53301,16.3112],[102.54416,16.30557],[102.57173,16.31548],[102.58404,16.30606],[102.59397,16.29105],[102.60497,16.28592],[102.61816,16.28684],[102.62837,16.27939],[102.64936,16.27544],[102.65617,16.26857],[102.66395,16.26772],[102.67493,16.26046],[102.6782,16.24877],[102.68694,16.24438],[102.69327,16.22812],[102.68833,16.22937],[102.68521,16.22349],[102.67617,16.23593],[102.67664,16.23034],[102.6744,16.23289],[102.66617,16.22866],[102.67238,16.21894],[102.66755,16.21796],[102.66249,16.21158],[102.67915,16.20089],[102.67719,16.19797],[102.67216,16.20116],[102.6712,16.19547],[102.68177,16.18674],[102.66841,16.1871],[102.66829,16.18074],[102.67326,16.17939],[102.66708,16.17904],[102.66624,16.1745],[102.65835,16.17738],[102.65607,16.17083],[102.66114,16.1648],[102.65486,16.16558],[102.64792,16.16017],[102.65063,16.15687],[102.64493,16.1575],[102.64647,16.1463],[102.63901,16.13707],[102.63305,16.14012],[102.63427,16.14548],[102.63037,16.1404],[102.62443,16.14243],[102.62602,16.1359],[102.62219,16.1314],[102.62565,16.12959],[102.62049,16.12686],[102.61654,16.13446],[102.61293,16.12739],[102.60818,16.12872],[102.60952,16.13187],[102.60026,16.12727],[102.6038,16.12379],[102.59987,16.12114],[102.58721,16.12541],[102.58726,16.13015],[102.5801,16.12082],[102.58233,16.11613],[102.57912,16.11859],[102.5756,16.11299],[102.5844,16.10831],[102.57198,16.10728]]]]}},{"type":"Feature","properties":{"code":"4014","name":"แวงน้อย","pv":"40","pv_name":"ขอนแก่น"},"geometry":{"type":"MultiPolygon","coordinates":[[[[102.42878,15.70346],[102.42048,15.69559],[102.4039,15.70058],[102.40016,15.71041],[102.37866,15.73165],[102.36123,15.73033],[102.3569,15.74044],[102.36258,15.76343],[102.36274,15.76749],[102.34378,15.78019],[102.32791,15.80372],[102.3259,15.82199],[102.32027,15.82545],[102.32473,15.82992],[102.31904,15.8451],[102.31584,15.8471],[102.32078,15.84755],[102.31712,15.85133],[102.32208,15.85696],[102.32183,15.86675],[102.33844,15.87419],[102.33773,15.87957],[102.34342,15.88216],[102.34133,15.88769],[102.35326,15.90099],[102.35281,15.89383],[102.38868,15.88377],[102.40775,15.87283],[102.4238,15.87132],[102.44004,15.87743],[102.44427,15.88149],[102.48965,15.87848],[102.51605,15.88142],[102.50979,15.85454],[102.49882,15.83899],[102.50234,15.82119],[102.50715,15.80094],[102.50249,15.78587],[102.4799,15.78778],[102.46158,15.7818],[102.45643,15.76578],[102.46195,15.73141],[102.45274,15.71656],[102.42878,15.70346]]]]}},{"type":"Feature","properties":{"code":"4015","name":"หนองสองห้อง","pv":"40","pv_name":"ขอนแก่น"},"geometry":{"type":"MultiPolygon","coordinates":[[[[102.8487,15.63634],[102.83809,15.6363],[102.80694,15.63201],[102.79082,15.63945],[102.78606,15.63297],[102.7769,15.63406],[102.77995,15.64502],[102.77284,15.65307],[102.76166,15.65281],[102.7489,15.66175],[102.74732,15.6713],[102.73429,15.66677],[102.71673,15.66605],[102.70819,15.68628],[102.6957,15.69079],[102.6973,15.69646],[102.68875,15.70581],[102.69499,15.71582],[102.69127,15.72403],[102.67914,15.72833],[102.67426,15.74471],[102.6787,15.76152],[102.68045,15.77138],[102.6889,15.77963],[102.68692,15.7914],[102.70378,15.82],[102.69507,15.83389],[102.69564,15.84275],[102.7001,15.85195],[102.70897,15.86668],[102.69559,15.90348],[102.75433,15.89146],[102.76623,15.89219],[102.76739,15.87915],[102.78094,15.87715],[102.77856,15.87055],[102.78821,15.86246],[102.79329,15.85866],[102.8123,15.84641],[102.82755,15.85207],[102.84738,15.85161],[102.85114,15.85767],[102.8613,15.85827],[102.88641,15.84891],[102.90083,15.83629],[102.90857,15.80836],[102.92403,15.8203],[102.93187,15.81476],[102.93047,15.79619],[102.89509,15.78372],[102.89014,15.7768],[102.88328,15.77607],[102.88075,15.76714],[102.87481,15.73589],[102.87642,15.70765],[102.86867,15.69426],[102.87466,15.68118],[102.87601,15.67577],[102.8781,15.67836],[102.87796,15.67503],[102.88576,15.67305],[102.88407,15.66633],[102.8641,15.65618],[102.86025,15.64093],[102.8487,15.63634]]]]}},{"type":"Feature","properties":{"code":"4023","name":"หนองนาคำ","pv":"40","pv_name":"ขอนแก่น"},"geometry":{"type":"MultiPolygon","coordinates":[[[[102.39161,16.81044],[102.40569,16.81375],[102.42054,16.79515],[102.433,16.79473],[102.42211,16.76957],[102.42281,16.74613],[102.40555,16.74296],[102.40215,16.73551],[102.38024,16.73386],[102.35975,16.73347],[102.35175,16.74866],[102.34056,16.75805],[102.29705,16.77468],[102.29201,16.77714],[102.27607,16.79304],[102.27354,16.82015],[102.26668,16.8353],[102.24045,16.85645],[102.22846,16.85431],[102.21562,16.85878],[102.21331,16.86138],[102.2257,16.86877],[102.22763,16.87515],[102.23325,16.87508],[102.23419,16.88017],[102.2421,16.87572],[102.24478,16.88143],[102.24935,16.87875],[102.25012,16.89148],[102.25465,16.89476],[102.29613,16.89087],[102.29065,16.88505],[102.30718,16.88417],[102.30193,16.8775],[102.3111,16.868],[102.3246,16.86743],[102.31605,16.85503],[102.33029,16.85521],[102.3317,16.84857],[102.3233,16.84651],[102.33967,16.83711],[102.33596,16.83122],[102.33833,16.82389],[102.34654,16.81719],[102.35063,16.83032],[102.36127,16.81646],[102.3776,16.81055],[102.37809,16.81735],[102.39161,16.81044]]]]}},{"type":"Feature","properties":{"code":"4024","name":"บ้านแฮด","pv":"40","pv_name":"ขอนแก่น"},"geometry":{"type":"MultiPolygon","coordinates":[[[[102.84851,16.20083],[102.84648,16.1867],[102.85842,16.1637],[102.85689,16.15679],[102.84598,16.1476],[102.82829,16.16014],[102.81239,16.15169],[102.79507,16.15227],[102.76913,16.15206],[102.75059,16.14508],[102.74904,16.14004],[102.68553,16.14771],[102.69087,16.17061],[102.68177,16.18674],[102.6712,16.19547],[102.67216,16.20116],[102.67719,16.19797],[102.67915,16.20089],[102.66249,16.21158],[102.66755,16.21796],[102.67238,16.21894],[102.66617,16.22866],[102.6744,16.23289],[102.67664,16.23034],[102.67617,16.23593],[102.68521,16.22349],[102.68833,16.22937],[102.69327,16.22812],[102.68694,16.24438],[102.69066,16.24235],[102.69303,16.24577],[102.69494,16.23946],[102.69784,16.24473],[102.70368,16.24156],[102.71117,16.24743],[102.72929,16.2437],[102.72949,16.24817],[102.73392,16.24336],[102.74521,16.24286],[102.74354,16.2485],[102.75367,16.25655],[102.76265,16.27377],[102.76475,16.28617],[102.76133,16.28888],[102.76671,16.29542],[102.76902,16.28963],[102.77228,16.29833],[102.77582,16.29219],[102.77568,16.28516],[102.79313,16.28528],[102.80781,16.26984],[102.8228,16.26555],[102.83032,16.25857],[102.83449,16.24415],[102.84435,16.24242],[102.84466,16.23524],[102.85026,16.22271],[102.84462,16.20801],[102.84851,16.20083]]]]}},{"type":"Feature","properties":{"code":"4021","name":"ซำสูง","pv":"40","pv_name":"ขอนแก่น"},"geometry":{"type":"MultiPolygon","coordinates":[[[[103.05803,16.49921],[103.03978,16.4907],[103.03157,16.5004],[103.01658,16.47378],[103.00911,16.48817],[102.97364,16.5044],[102.97073,16.50526],[102.95913,16.51822],[102.95933,16.53475],[102.97346,16.54639],[102.99644,16.55575],[103.00716,16.57207],[103.00333,16.60145],[102.99235,16.63316],[103.02414,16.6268],[103.06291,16.62436],[103.07884,16.62049],[103.13918,16.63714],[103.15066,16.62719],[103.15447,16.61582],[103.15146,16.60819],[103.12103,16.59251],[103.1206,16.58164],[103.11884,16.56677],[103.10406,16.55347],[103.10062,16.54141],[103.09493,16.53348],[103.08763,16.52818],[103.08688,16.51647],[103.07977,16.50986],[103.05803,16.49921]]]]}},{"type":"Feature","properties":{"code":"4022","name":"โคกโพธิ์ไชย","pv":"40","pv_name":"ขอนแก่น"},"geometry":{"type":"MultiPolygon","coordinates":[[[[102.4462,16.05339],[102.45362,16.04345],[102.45502,16.03475],[102.4504,16.03374],[102.45351,16.02942],[102.44627,16.02547],[102.44083,16.03004],[102.43536,16.02743],[102.43171,16.01852],[102.43297,16.01492],[102.43833,16.01562],[102.4301,16.00971],[102.43451,16.00491],[102.429,15.99696],[102.42502,15.99874],[102.42685,15.99612],[102.42314,15.99144],[102.42067,15.99804],[102.41795,15.99081],[102.4127,15.99567],[102.41426,15.99012],[102.41141,15.99155],[102.40891,15.98601],[102.41267,15.9848],[102.40445,15.98129],[102.39218,15.98706],[102.39003,15.97882],[102.38514,15.98614],[102.38482,15.99727],[102.3777,15.99475],[102.37468,16.00023],[102.37303,15.99607],[102.36838,16.00678],[102.3654,16.00161],[102.35524,16.00516],[102.34946,16.02291],[102.35203,16.02632],[102.34472,16.03025],[102.34391,16.03528],[102.33643,16.03866],[102.32722,16.03062],[102.31173,16.04287],[102.3023,16.03911],[102.28715,16.06083],[102.28587,16.07033],[102.28173,16.07117],[102.28095,16.07237],[102.2803,16.07589],[102.28845,16.09131],[102.31866,16.12029],[102.3272,16.13004],[102.34538,16.1602],[102.37614,16.1582],[102.40234,16.12948],[102.40647,16.10922],[102.41594,16.1042],[102.41176,16.1103],[102.41851,16.13407],[102.41275,16.14007],[102.41444,16.14912],[102.42235,16.1545],[102.43565,16.15144],[102.44579,16.15441],[102.4495,16.12713],[102.46447,16.11677],[102.46235,16.09923],[102.47707,16.09807],[102.49284,16.07947],[102.48911,16.06348],[102.48117,16.06263],[102.48015,16.05074],[102.46452,16.0597],[102.4462,16.05339]]]]}},{"type":"Feature","properties":{"code":"4020","name":"ภูผาม่าน","pv":"40","pv_name":"ขอนแก่น"},"geometry":{"type":"MultiPolygon","coordinates":[[[[101.95259,16.66981],[101.95344,16.65878],[101.95842,16.63786],[101.95565,16.63092],[101.93908,16.63643],[101.9368,16.6321],[101.92682,16.63403],[101.92,16.631],[101.92042,16.62742],[101.9135,16.63416],[101.90976,16.63317],[101.91108,16.62971],[101.90536,16.62831],[101.90282,16.63798],[101.88479,16.64503],[101.87349,16.64276],[101.86911,16.64953],[101.85418,16.65022],[101.8525,16.65721],[101.84013,16.65462],[101.82917,16.65773],[101.82268,16.65059],[101.82028,16.65457],[101.80564,16.6529],[101.7744,16.62868],[101.77831,16.64701],[101.76409,16.65539],[101.75393,16.65229],[101.75075,16.66801],[101.75165,16.67749],[101.76593,16.67991],[101.77225,16.68743],[101.77644,16.71264],[101.79162,16.72675],[101.78587,16.7428],[101.78973,16.74692],[101.78292,16.75407],[101.78793,16.76427],[101.86498,16.79294],[101.87944,16.81068],[101.90491,16.81435],[101.93955,16.83822],[101.94308,16.83228],[101.94394,16.78484],[101.93478,16.76277],[101.93614,16.73873],[101.94097,16.72903],[101.9363,16.71834],[101.94394,16.71316],[101.94326,16.70552],[101.95268,16.68884],[101.95259,16.66981]]]]}},{"type":"Feature","properties":{"code":"4025","name":"โนนศิลา","pv":"40","pv_name":"ขอนแก่น"},"geometry":{"type":"MultiPolygon","coordinates":[[[[102.66423,15.90616],[102.65421,15.90803],[102.64402,15.91403],[102.6378,15.93817],[102.63711,15.94904],[102.63067,15.95863],[102.61362,15.98136],[102.61,15.99642],[102.6017,16.00423],[102.6029,16.00997],[102.61894,16.02012],[102.63215,16.03797],[102.64702,16.06162],[102.65595,16.05368],[102.65429,16.04227],[102.67823,16.04009],[102.68007,16.04023],[102.67905,16.03146],[102.7108,16.01097],[102.71117,16.01046],[102.73396,15.98009],[102.74869,15.97335],[102.76538,15.9573],[102.75911,15.94347],[102.75433,15.89146],[102.69559,15.90348],[102.66423,15.90616]]]]}},{"type":"Feature","properties":{"code":"4026","name":"เวียงเก่า","pv":"40","pv_name":"ขอนแก่น"},"geometry":{"type":"MultiPolygon","coordinates":[[[[102.35224,16.68074],[102.34668,16.663],[102.32383,16.64364],[102.27491,16.61458],[102.26517,16.61123],[102.2213,16.59948],[102.21138,16.60196],[102.20014,16.58859],[102.18208,16.59253],[102.17493,16.60331],[102.16005,16.60533],[102.15838,16.60895],[102.15965,16.62463],[102.16435,16.63842],[102.19429,16.65253],[102.20221,16.66077],[102.19975,16.66759],[102.20437,16.68741],[102.21395,16.70991],[102.23492,16.74898],[102.23701,16.77108],[102.23,16.79023],[102.22499,16.80707],[102.23135,16.85103],[102.22846,16.85431],[102.24045,16.85645],[102.26668,16.8353],[102.27354,16.82015],[102.27607,16.79304],[102.29201,16.77714],[102.29705,16.77468],[102.34056,16.75805],[102.35175,16.74866],[102.35975,16.73347],[102.36336,16.71728],[102.36109,16.69952],[102.35224,16.68074]]]]}},{"type":"Feature","properties":{"code":"4001","name":"เมืองขอนแก่น","pv":"40","pv_name":"ขอนแก่น"},"geometry":{"type":"MultiPolygon","coordinates":[[[[102.84617,16.27275],[102.84826,16.25085],[102.84435,16.24242],[102.83449,16.24415],[102.83032,16.25857],[102.8228,16.26555],[102.80781,16.26984],[102.79313,16.28528],[102.77568,16.28516],[102.77582,16.29219],[102.77945,16.30701],[102.7779,16.31964],[102.77261,16.32264],[102.77937,16.32714],[102.78398,16.32222],[102.79182,16.33781],[102.7323,16.3393],[102.72878,16.3349],[102.71303,16.33616],[102.70516,16.3428],[102.69342,16.34487],[102.6846,16.37478],[102.67588,16.37949],[102.68657,16.40473],[102.67721,16.42352],[102.66704,16.44743],[102.6486,16.46531],[102.6451,16.47834],[102.64094,16.49136],[102.6487,16.51328],[102.64281,16.51324],[102.64192,16.52309],[102.63453,16.5294],[102.63015,16.5354],[102.66646,16.5836],[102.68176,16.59479],[102.68913,16.60455],[102.68631,16.61912],[102.69784,16.63274],[102.72275,16.6373],[102.75346,16.60745],[102.76576,16.60729],[102.79169,16.62399],[102.80502,16.62737],[102.81335,16.62383],[102.83602,16.63446],[102.84403,16.63457],[102.85867,16.62271],[102.85304,16.61606],[102.85015,16.61901],[102.84617,16.61637],[102.8521,16.60852],[102.84943,16.60286],[102.85649,16.60391],[102.85983,16.59909],[102.86387,16.60402],[102.86558,16.59506],[102.86014,16.59436],[102.85835,16.58607],[102.86454,16.58449],[102.8639,16.58906],[102.87139,16.59451],[102.87162,16.58926],[102.88346,16.58468],[102.87369,16.58152],[102.88144,16.56963],[102.87352,16.56816],[102.88183,16.56191],[102.87212,16.55784],[102.8803,16.54838],[102.88731,16.54487],[102.88679,16.53984],[102.89689,16.53869],[102.90418,16.54555],[102.94481,16.5331],[102.95276,16.54253],[102.95933,16.53475],[102.95913,16.51822],[102.97073,16.50526],[102.97364,16.5044],[103.00911,16.48817],[103.01658,16.47378],[103.00629,16.46763],[102.98413,16.46458],[102.95307,16.45178],[102.95658,16.44264],[102.96216,16.42979],[102.97549,16.42554],[102.97242,16.41977],[102.95876,16.42546],[102.95312,16.41473],[102.95654,16.41301],[102.94605,16.40855],[102.94601,16.40235],[102.95563,16.40179],[102.95559,16.39764],[102.95045,16.39544],[102.94919,16.38869],[102.94011,16.39253],[102.93964,16.3855],[102.93647,16.38895],[102.93436,16.38348],[102.93758,16.37723],[102.92438,16.37981],[102.9191,16.373],[102.92692,16.36633],[102.91945,16.36519],[102.91745,16.36895],[102.91389,16.36126],[102.90542,16.3595],[102.90862,16.34841],[102.89555,16.35003],[102.89359,16.31554],[102.87111,16.30108],[102.84617,16.27275]]]]}},{"type":"Feature","properties":{"code":"4002","name":"บ้านฝาง","pv":"40","pv_name":"ขอนแก่น"},"geometry":{"type":"MultiPolygon","coordinates":[[[[102.67721,16.42352],[102.68657,16.40473],[102.67588,16.37949],[102.67112,16.37348],[102.6537,16.37008],[102.64579,16.37858],[102.63028,16.37528],[102.63042,16.3641],[102.62207,16.3608],[102.61185,16.35357],[102.60267,16.35727],[102.59723,16.34939],[102.56609,16.34699],[102.54545,16.35644],[102.52998,16.33628],[102.52932,16.34247],[102.5184,16.35403],[102.54394,16.37467],[102.55063,16.39288],[102.55215,16.42787],[102.55283,16.44113],[102.56273,16.46155],[102.56801,16.48399],[102.5736,16.50609],[102.57801,16.54288],[102.58349,16.57889],[102.57936,16.59284],[102.58021,16.61734],[102.57526,16.62776],[102.58118,16.64374],[102.61163,16.65529],[102.62261,16.66274],[102.65177,16.65814],[102.68765,16.65242],[102.69784,16.63274],[102.68631,16.61912],[102.68913,16.60455],[102.68176,16.59479],[102.66646,16.5836],[102.63015,16.5354],[102.63453,16.5294],[102.64192,16.52309],[102.64281,16.51324],[102.6487,16.51328],[102.64094,16.49136],[102.6451,16.47834],[102.6486,16.46531],[102.66704,16.44743],[102.67721,16.42352]]]]}},{"type":"Feature","properties":{"code":"4009","name":"กระนวน","pv":"40","pv_name":"ขอนแก่น"},"geometry":{"type":"MultiPolygon","coordinates":[[[[103.15268,16.64837],[103.15204,16.64382],[103.15066,16.62719],[103.13918,16.63714],[103.07884,16.62049],[103.06291,16.62436],[103.02414,16.6268],[102.99235,16.63316],[102.98889,16.66452],[102.98425,16.70297],[102.98605,16.72315],[103.00783,16.72131],[103.0109,16.72569],[103.01031,16.74332],[103.00063,16.74979],[102.99704,16.75668],[102.9989,16.76675],[103.01384,16.77902],[103.01575,16.79442],[103.016,16.80114],[103.00722,16.81096],[103.0096,16.82278],[102.99818,16.82875],[103.00077,16.84726],[102.99598,16.86366],[102.99817,16.87196],[103.00735,16.86643],[103.00975,16.87206],[103.02518,16.8746],[103.03644,16.88576],[103.05274,16.88715],[103.07374,16.90148],[103.08245,16.89926],[103.09839,16.91298],[103.11473,16.90694],[103.1237,16.8964],[103.11995,16.87149],[103.11199,16.8618],[103.11411,16.85398],[103.10634,16.84926],[103.10721,16.8436],[103.10193,16.83974],[103.11386,16.81806],[103.12305,16.81811],[103.13772,16.83077],[103.14029,16.8386],[103.13597,16.87031],[103.17335,16.86384],[103.17064,16.84862],[103.17817,16.84276],[103.17713,16.83227],[103.18425,16.82154],[103.17994,16.78639],[103.17966,16.78619],[103.17004,16.76878],[103.15209,16.76245],[103.1465,16.74603],[103.15875,16.73261],[103.14578,16.70096],[103.14869,16.6871],[103.15363,16.68406],[103.15652,16.67708],[103.15813,16.66991],[103.15121,16.66003],[103.15268,16.64837]]]]}},{"type":"Feature","properties":{"code":"4007","name":"น้ำพอง","pv":"40","pv_name":"ขอนแก่น"},"geometry":{"type":"MultiPolygon","coordinates":[[[[103.00716,16.57207],[102.99644,16.55575],[102.97346,16.54639],[102.95933,16.53475],[102.95276,16.54253],[102.94481,16.5331],[102.90418,16.54555],[102.89689,16.53869],[102.88679,16.53984],[102.88731,16.54487],[102.8803,16.54838],[102.87212,16.55784],[102.88183,16.56191],[102.87352,16.56816],[102.88144,16.56963],[102.87369,16.58152],[102.88346,16.58468],[102.87162,16.58926],[102.87139,16.59451],[102.8639,16.58906],[102.86454,16.58449],[102.85835,16.58607],[102.86014,16.59436],[102.86558,16.59506],[102.86387,16.60402],[102.85983,16.59909],[102.85649,16.60391],[102.84943,16.60286],[102.8521,16.60852],[102.84617,16.61637],[102.85015,16.61901],[102.85304,16.61606],[102.85867,16.62271],[102.84403,16.63457],[102.83602,16.63446],[102.81335,16.62383],[102.80502,16.62737],[102.79169,16.62399],[102.76576,16.60729],[102.75346,16.60745],[102.72275,16.6373],[102.72265,16.64684],[102.73275,16.662],[102.73356,16.67735],[102.73848,16.67901],[102.7414,16.69932],[102.73777,16.70936],[102.74845,16.72383],[102.75249,16.72322],[102.75199,16.72789],[102.73547,16.73615],[102.72133,16.75171],[102.73241,16.76211],[102.72523,16.78071],[102.73383,16.79542],[102.7314,16.81757],[102.74631,16.82475],[102.75381,16.83398],[102.76556,16.82253],[102.77471,16.82409],[102.7735,16.8312],[102.77752,16.83308],[102.78924,16.82843],[102.80911,16.81162],[102.82118,16.8146],[102.83284,16.80546],[102.8461,16.79841],[102.85592,16.80577],[102.87393,16.79674],[102.89873,16.79699],[102.90385,16.79774],[102.9183,16.82335],[102.91789,16.83497],[102.94893,16.84013],[102.97533,16.84801],[102.99598,16.86366],[103.00077,16.84726],[102.99818,16.82875],[103.0096,16.82278],[103.00722,16.81096],[103.016,16.80114],[103.01575,16.79442],[103.01384,16.77902],[102.9989,16.76675],[102.99704,16.75668],[103.00063,16.74979],[103.01031,16.74332],[103.0109,16.72569],[103.00783,16.72131],[102.98605,16.72315],[102.98425,16.70297],[102.98889,16.66452],[102.99235,16.63316],[103.00333,16.60145],[103.00716,16.57207]]]]}},{"type":"Feature","properties":{"code":"4008","name":"อุบลรัตน์","pv":"40","pv_name":"ขอนแก่น"},"geometry":{"type":"MultiPolygon","coordinates":[[[[102.73547,16.73615],[102.75199,16.72789],[102.75249,16.72322],[102.74845,16.72383],[102.73777,16.70936],[102.7414,16.69932],[102.73848,16.67901],[102.73356,16.67735],[102.73275,16.662],[102.72265,16.64684],[102.72275,16.6373],[102.69784,16.63274],[102.68765,16.65242],[102.65177,16.65814],[102.62261,16.66274],[102.61163,16.65529],[102.58118,16.64374],[102.57526,16.62776],[102.56713,16.62681],[102.55853,16.61802],[102.5585,16.64001],[102.5653,16.65723],[102.60781,16.70102],[102.61084,16.77128],[102.61499,16.77707],[102.61304,16.79892],[102.62439,16.84358],[102.65296,16.90493],[102.67104,16.94135],[102.67953,16.96801],[102.69943,16.97028],[102.70988,16.96059],[102.73677,16.95426],[102.74388,16.92269],[102.74617,16.91267],[102.73408,16.88184],[102.73135,16.85987],[102.73456,16.84554],[102.71961,16.83791],[102.72645,16.83074],[102.72301,16.8267],[102.72757,16.8224],[102.7314,16.81757],[102.73383,16.79542],[102.72523,16.78071],[102.73241,16.76211],[102.72133,16.75171],[102.73547,16.73615]]]]}},{"type":"Feature","properties":{"code":"4005","name":"ชุมแพ","pv":"40","pv_name":"ขอนแก่น"},"geometry":{"type":"MultiPolygon","coordinates":[[[[102.30211,16.46402],[102.29321,16.45823],[102.30038,16.45699],[102.29684,16.45217],[102.30015,16.44797],[102.30044,16.44522],[102.29329,16.44611],[102.28914,16.45399],[102.27784,16.45688],[102.27819,16.46052],[102.27601,16.45581],[102.2689,16.45583],[102.26418,16.46187],[102.25517,16.46117],[102.25634,16.46667],[102.24336,16.47019],[102.24078,16.481],[102.23471,16.48632],[102.22784,16.48432],[102.2134,16.50118],[102.20558,16.49871],[102.20479,16.49944],[102.20591,16.50327],[102.19851,16.50425],[102.19167,16.49859],[102.1831,16.50636],[102.17905,16.50033],[102.17285,16.49111],[102.17007,16.49692],[102.16332,16.49749],[102.165,16.50099],[102.15727,16.49822],[102.15826,16.50358],[102.14871,16.49846],[102.14121,16.50309],[102.13423,16.49539],[102.12477,16.4948],[102.10561,16.49742],[102.09951,16.49409],[102.0942,16.49797],[102.08496,16.49196],[102.079,16.49636],[102.07519,16.49249],[102.06783,16.49379],[102.07292,16.50277],[102.04255,16.50837],[102.02998,16.52538],[102.0338,16.53211],[102.02796,16.54089],[102.03245,16.54172],[102.02426,16.54511],[102.02363,16.5587],[102.02218,16.5559],[102.01909,16.5597],[102.00652,16.55791],[101.99836,16.56516],[101.99477,16.56192],[101.98887,16.56655],[101.98747,16.57773],[101.99234,16.57838],[101.98872,16.58169],[101.9924,16.58473],[101.98404,16.58315],[101.97785,16.58767],[101.98355,16.59029],[101.97958,16.59236],[101.98363,16.59594],[101.97564,16.60453],[101.97772,16.61018],[101.97227,16.6148],[101.96975,16.61112],[101.96728,16.61871],[101.96436,16.61495],[101.95844,16.61996],[101.95629,16.61671],[101.95435,16.62245],[101.95125,16.6231],[101.95565,16.63092],[101.95842,16.63786],[101.95344,16.65878],[101.95259,16.66981],[101.95268,16.68884],[101.94326,16.70552],[101.94394,16.71316],[101.9363,16.71834],[101.94097,16.72903],[101.93614,16.73873],[101.93478,16.76277],[101.94394,16.78484],[101.94308,16.83228],[101.93955,16.83822],[101.94883,16.84112],[101.9443,16.85313],[101.95638,16.84716],[101.96225,16.8525],[101.97061,16.84203],[101.97906,16.84519],[101.97923,16.83999],[101.98756,16.84397],[101.99158,16.83961],[101.99891,16.84452],[101.99591,16.85017],[102.00011,16.84911],[102.00591,16.85499],[101.99907,16.8599],[102.01027,16.87006],[102.01588,16.86398],[102.01871,16.8685],[102.02735,16.86127],[102.02871,16.84382],[102.03412,16.84389],[102.03173,16.82401],[102.02246,16.81429],[102.02005,16.80272],[102.01434,16.79034],[102.01694,16.7554],[102.01714,16.74472],[102.01078,16.74367],[102.01131,16.72871],[102.0059,16.71727],[102.01797,16.70625],[102.04408,16.69646],[102.05308,16.69435],[102.05746,16.67463],[102.06577,16.66185],[102.08078,16.65667],[102.09955,16.6512],[102.11034,16.65597],[102.13346,16.62419],[102.15965,16.62463],[102.15838,16.60895],[102.16005,16.60533],[102.17493,16.60331],[102.18208,16.59253],[102.20014,16.58859],[102.21138,16.60196],[102.2213,16.59948],[102.26517,16.61123],[102.27491,16.61458],[102.28696,16.6005],[102.30918,16.59467],[102.31568,16.58321],[102.30499,16.57557],[102.28775,16.57357],[102.28362,16.56181],[102.28128,16.53467],[102.29151,16.51705],[102.28746,16.48598],[102.29275,16.47285],[102.30211,16.46402]]]]}},{"type":"Feature","properties":{"code":"4006","name":"สีชมพู","pv":"40","pv_name":"ขอนแก่น"},"geometry":{"type":"MultiPolygon","coordinates":[[[[102.21395,16.70991],[102.20437,16.68741],[102.19975,16.66759],[102.20221,16.66077],[102.19429,16.65253],[102.16435,16.63842],[102.15965,16.62463],[102.13346,16.62419],[102.11034,16.65597],[102.09955,16.6512],[102.08078,16.65667],[102.06577,16.66185],[102.05746,16.67463],[102.05308,16.69435],[102.04408,16.69646],[102.01797,16.70625],[102.0059,16.71727],[102.01131,16.72871],[102.01078,16.74367],[102.01714,16.74472],[102.01694,16.7554],[102.01434,16.79034],[102.02005,16.80272],[102.02246,16.81429],[102.03173,16.82401],[102.03412,16.84389],[102.02871,16.84382],[102.02735,16.86127],[102.03116,16.86325],[102.03999,16.85816],[102.04483,16.86149],[102.04469,16.86776],[102.05602,16.86755],[102.05953,16.8709],[102.05494,16.87579],[102.06266,16.88091],[102.0626,16.88683],[102.06942,16.88909],[102.07025,16.88502],[102.08124,16.88939],[102.09935,16.88202],[102.09677,16.89077],[102.10474,16.89732],[102.12391,16.88105],[102.13777,16.87906],[102.14417,16.87654],[102.14416,16.88072],[102.15576,16.88125],[102.15838,16.87172],[102.16755,16.87042],[102.17134,16.8652],[102.18032,16.87179],[102.18773,16.85803],[102.20362,16.86245],[102.21532,16.85826],[102.21562,16.85878],[102.22846,16.85431],[102.23135,16.85103],[102.22499,16.80707],[102.23,16.79023],[102.23701,16.77108],[102.23492,16.74898],[102.21395,16.70991]]]]}},{"type":"Feature","properties":{"code":"4003","name":"พระยืน","pv":"40","pv_name":"ขอนแก่น"},"geometry":{"type":"MultiPolygon","coordinates":[[[[102.72949,16.24817],[102.72929,16.2437],[102.71117,16.24743],[102.70368,16.24156],[102.69784,16.24473],[102.69494,16.23946],[102.69303,16.24577],[102.69066,16.24235],[102.68694,16.24438],[102.6782,16.24877],[102.67493,16.26046],[102.66395,16.26772],[102.65617,16.26857],[102.64936,16.27544],[102.62837,16.27939],[102.61816,16.28684],[102.60497,16.28592],[102.59397,16.29105],[102.58404,16.30606],[102.57173,16.31548],[102.54416,16.30557],[102.53301,16.3112],[102.52998,16.33628],[102.54545,16.35644],[102.56609,16.34699],[102.59723,16.34939],[102.60267,16.35727],[102.61185,16.35357],[102.62207,16.3608],[102.63042,16.3641],[102.63028,16.37528],[102.64579,16.37858],[102.6537,16.37008],[102.67112,16.37348],[102.67588,16.37949],[102.6846,16.37478],[102.69342,16.34487],[102.70516,16.3428],[102.71303,16.33616],[102.72878,16.3349],[102.7323,16.3393],[102.79182,16.33781],[102.78398,16.32222],[102.77937,16.32714],[102.77261,16.32264],[102.7779,16.31964],[102.77945,16.30701],[102.77582,16.29219],[102.77228,16.29833],[102.76902,16.28963],[102.76671,16.29542],[102.76133,16.28888],[102.76475,16.28617],[102.76265,16.27377],[102.75367,16.25655],[102.74354,16.2485],[102.74521,16.24286],[102.73392,16.24336],[102.72949,16.24817]]]]}},{"type":"Feature","properties":{"code":"4004","name":"หนองเรือ","pv":"40","pv_name":"ขอนแก่น"},"geometry":{"type":"MultiPolygon","coordinates":[[[[102.55215,16.42787],[102.55063,16.39288],[102.54394,16.37467],[102.5184,16.35403],[102.49402,16.36361],[102.48859,16.37462],[102.47959,16.37972],[102.47794,16.38829],[102.47063,16.38638],[102.45944,16.39422],[102.44849,16.39758],[102.44222,16.4088],[102.42797,16.41355],[102.4129,16.4285],[102.40557,16.44118],[102.40975,16.46232],[102.4042,16.46032],[102.40283,16.46603],[102.39634,16.4664],[102.39893,16.45967],[102.39435,16.45968],[102.39759,16.45766],[102.39442,16.45492],[102.39822,16.44685],[102.38359,16.4421],[102.38238,16.44545],[102.3732,16.43642],[102.3653,16.43843],[102.36793,16.44791],[102.36459,16.45293],[102.35773,16.44842],[102.3501,16.45216],[102.34265,16.44644],[102.32398,16.44553],[102.31865,16.44607],[102.31747,16.45607],[102.30015,16.44797],[102.29684,16.45217],[102.30038,16.45699],[102.29321,16.45823],[102.30211,16.46402],[102.29275,16.47285],[102.28746,16.48598],[102.29151,16.51705],[102.28128,16.53467],[102.28362,16.56181],[102.31029,16.56697],[102.32369,16.56307],[102.3294,16.56985],[102.34874,16.57529],[102.36046,16.57353],[102.37979,16.5836],[102.39067,16.58179],[102.40055,16.57927],[102.41203,16.58548],[102.41639,16.59315],[102.42539,16.60299],[102.44946,16.59829],[102.45851,16.57367],[102.4681,16.56067],[102.46897,16.54469],[102.4805,16.54492],[102.49062,16.53772],[102.50001,16.54463],[102.50887,16.53809],[102.51986,16.53933],[102.52269,16.55475],[102.52869,16.55108],[102.53307,16.55144],[102.52994,16.55491],[102.53356,16.55838],[102.54835,16.55596],[102.55622,16.56574],[102.5529,16.58145],[102.54194,16.5954],[102.54532,16.60407],[102.55853,16.61802],[102.56713,16.62681],[102.57526,16.62776],[102.58021,16.61734],[102.57936,16.59284],[102.58349,16.57889],[102.57801,16.54288],[102.5736,16.50609],[102.56801,16.48399],[102.56273,16.46155],[102.55283,16.44113],[102.55215,16.42787]]]]}},{"type":"Feature","properties":{"code":"4614","name":"ห้วยผึ้ง","pv":"46","pv_name":"กาฬสินธุ์"},"geometry":{"type":"MultiPolygon","coordinates":[[[[103.94701,16.66331],[103.94838,16.64939],[103.9629,16.63596],[103.96599,16.62059],[103.96155,16.61386],[103.96256,16.60267],[103.94949,16.58836],[103.95138,16.58472],[103.94569,16.58264],[103.94664,16.57769],[103.94272,16.57947],[103.94264,16.57015],[103.92963,16.56418],[103.91642,16.57057],[103.90283,16.57256],[103.90174,16.56865],[103.88386,16.56536],[103.87739,16.57097],[103.86804,16.56523],[103.85407,16.5759],[103.85061,16.58878],[103.84392,16.59287],[103.84489,16.59826],[103.83696,16.60298],[103.82812,16.61107],[103.82364,16.63012],[103.80074,16.64706],[103.80413,16.65138],[103.79387,16.66469],[103.80265,16.68596],[103.79739,16.70647],[103.82316,16.72515],[103.82413,16.73464],[103.82876,16.7362],[103.83115,16.74169],[103.84266,16.74528],[103.84561,16.7546],[103.86086,16.75781],[103.87121,16.77402],[103.89559,16.78497],[103.90509,16.80263],[103.92054,16.79626],[103.92365,16.78799],[103.9352,16.78321],[103.93802,16.7728],[103.94998,16.77621],[103.94985,16.76009],[103.94668,16.73828],[103.95782,16.72738],[103.94332,16.71369],[103.94377,16.70492],[103.95113,16.69387],[103.94701,16.66331]]]]}},{"type":"Feature","properties":{"code":"4615","name":"สามชัย","pv":"46","pv_name":"กาฬสินธุ์"},"geometry":{"type":"MultiPolygon","coordinates":[[[[103.5902,16.84942],[103.59175,16.84158],[103.58778,16.83909],[103.58257,16.83693],[103.58094,16.82694],[103.57191,16.8252],[103.57318,16.81589],[103.56812,16.81362],[103.56719,16.80293],[103.56309,16.80414],[103.56721,16.79803],[103.56273,16.79545],[103.56418,16.78378],[103.53647,16.76639],[103.52352,16.76664],[103.495,16.76715],[103.47935,16.76141],[103.47304,16.76229],[103.46738,16.77445],[103.44713,16.77644],[103.43932,16.793],[103.42968,16.79441],[103.42116,16.80158],[103.44548,16.82741],[103.44925,16.83749],[103.44216,16.84698],[103.45152,16.85228],[103.45459,16.8654],[103.46124,16.8712],[103.46993,16.8744],[103.47076,16.88189],[103.47189,16.88647],[103.4746,16.88326],[103.47892,16.88747],[103.48425,16.9034],[103.49136,16.90428],[103.48799,16.91122],[103.49313,16.92768],[103.4867,16.93289],[103.48623,16.94007],[103.49585,16.9644],[103.49359,16.96991],[103.49967,16.96924],[103.50251,16.98334],[103.51964,16.99896],[103.51497,17.02821],[103.51781,17.03432],[103.51057,17.03626],[103.51279,17.04432],[103.50665,17.04431],[103.51217,17.05082],[103.51802,17.04942],[103.51935,17.05936],[103.52554,17.06072],[103.53025,17.06329],[103.56908,17.0085],[103.57941,17.00144],[103.58042,16.99262],[103.56777,16.98974],[103.56363,16.98212],[103.5701,16.97382],[103.58063,16.97173],[103.59191,16.96121],[103.59657,16.94855],[103.58741,16.92395],[103.5925,16.89129],[103.58755,16.88656],[103.58993,16.87759],[103.58564,16.87206],[103.59293,16.86922],[103.59484,16.86195],[103.5902,16.84942]]]]}},{"type":"Feature","properties":{"code":"4612","name":"หนองกุงศรี","pv":"46","pv_name":"กาฬสินธุ์"},"geometry":{"type":"MultiPolygon","coordinates":[[[[103.44632,16.65687],[103.45404,16.64997],[103.45629,16.64127],[103.44916,16.61937],[103.44748,16.61726],[103.42729,16.62366],[103.40694,16.61035],[103.37432,16.61757],[103.33619,16.6119],[103.32459,16.60894],[103.30336,16.61188],[103.2964,16.61706],[103.27875,16.61591],[103.26402,16.62605],[103.25307,16.62453],[103.23499,16.63377],[103.23085,16.64067],[103.21211,16.64763],[103.21576,16.6581],[103.20775,16.66875],[103.21496,16.68048],[103.21203,16.69691],[103.2045,16.69958],[103.20144,16.72901],[103.20353,16.7446],[103.19078,16.74948],[103.18186,16.76749],[103.1775,16.7623],[103.17238,16.76415],[103.17966,16.78619],[103.17994,16.78639],[103.20307,16.78873],[103.22159,16.79221],[103.22503,16.80675],[103.22267,16.83631],[103.23106,16.83853],[103.24746,16.83195],[103.24687,16.82483],[103.25761,16.80471],[103.27637,16.81117],[103.28431,16.8128],[103.28697,16.81848],[103.30216,16.81441],[103.31143,16.82291],[103.31698,16.82107],[103.32443,16.82962],[103.33404,16.83086],[103.33743,16.83943],[103.3512,16.84348],[103.37037,16.82979],[103.37949,16.82971],[103.4,16.85323],[103.40965,16.85036],[103.4165,16.8278],[103.42342,16.82345],[103.41,16.80939],[103.41381,16.80536],[103.42116,16.80158],[103.42968,16.79441],[103.43932,16.793],[103.44713,16.77644],[103.46738,16.77445],[103.47304,16.76229],[103.47935,16.76141],[103.495,16.76715],[103.52352,16.76664],[103.53647,16.76639],[103.54178,16.761],[103.52922,16.74016],[103.5294,16.72491],[103.52348,16.72001],[103.51245,16.71248],[103.50793,16.7187],[103.47453,16.71835],[103.46629,16.72526],[103.45641,16.69287],[103.45475,16.68279],[103.46005,16.67666],[103.44688,16.66613],[103.44632,16.65687]]]]}},{"type":"Feature","properties":{"code":"4613","name":"สมเด็จ","pv":"46","pv_name":"กาฬสินธุ์"},"geometry":{"type":"MultiPolygon","coordinates":[[[[103.72756,16.67892],[103.71646,16.67572],[103.71935,16.64802],[103.70745,16.61357],[103.69198,16.59699],[103.68733,16.59785],[103.66636,16.60623],[103.66187,16.61425],[103.66535,16.62163],[103.6617,16.62926],[103.65196,16.65447],[103.66296,16.68717],[103.66826,16.69768],[103.67685,16.70038],[103.67871,16.70582],[103.69646,16.71791],[103.68606,16.725],[103.66473,16.74163],[103.63906,16.75005],[103.63467,16.76574],[103.64391,16.76218],[103.6516,16.76661],[103.65728,16.76485],[103.6702,16.77305],[103.67151,16.77428],[103.67775,16.78812],[103.67639,16.79749],[103.68251,16.80262],[103.67886,16.81309],[103.6758,16.82239],[103.68169,16.83083],[103.68539,16.85447],[103.70396,16.85362],[103.71455,16.86126],[103.71362,16.87141],[103.72563,16.87953],[103.73179,16.91462],[103.74895,16.92188],[103.75487,16.93268],[103.75267,16.94582],[103.76289,16.9648],[103.76968,16.96744],[103.78297,16.95849],[103.77748,16.939],[103.78271,16.90786],[103.78957,16.90319],[103.79193,16.8936],[103.78771,16.88575],[103.80779,16.88514],[103.80892,16.87797],[103.81942,16.87591],[103.82576,16.86692],[103.83548,16.8682],[103.8385,16.85881],[103.83592,16.84961],[103.84714,16.83872],[103.87034,16.83214],[103.87324,16.81875],[103.88842,16.81616],[103.90509,16.80263],[103.89559,16.78497],[103.87121,16.77402],[103.86086,16.75781],[103.84561,16.7546],[103.84266,16.74528],[103.83115,16.74169],[103.82876,16.7362],[103.82413,16.73464],[103.82316,16.72515],[103.79739,16.70647],[103.80265,16.68596],[103.79387,16.66469],[103.80413,16.65138],[103.80074,16.64706],[103.78744,16.6526],[103.7783,16.66439],[103.77178,16.67548],[103.74501,16.67035],[103.72756,16.67892]]]]}},{"type":"Feature","properties":{"code":"4610","name":"คำม่วง","pv":"46","pv_name":"กาฬสินธุ์"},"geometry":{"type":"MultiPolygon","coordinates":[[[[103.67886,16.81309],[103.68251,16.80262],[103.67639,16.79749],[103.67775,16.78812],[103.67151,16.77428],[103.65683,16.77902],[103.6484,16.77379],[103.63071,16.77411],[103.63311,16.785],[103.64603,16.79719],[103.64132,16.80326],[103.63113,16.80528],[103.63164,16.81703],[103.62599,16.83077],[103.60653,16.82346],[103.58778,16.83909],[103.59175,16.84158],[103.5902,16.84942],[103.59484,16.86195],[103.59293,16.86922],[103.58564,16.87206],[103.58993,16.87759],[103.58755,16.88656],[103.5925,16.89129],[103.58741,16.92395],[103.59657,16.94855],[103.59191,16.96121],[103.58063,16.97173],[103.5701,16.97382],[103.56363,16.98212],[103.56777,16.98974],[103.58042,16.99262],[103.57941,17.00144],[103.56908,17.0085],[103.53025,17.06329],[103.53667,17.06608],[103.53458,17.07093],[103.54003,17.0749],[103.53725,17.07693],[103.54676,17.0796],[103.54778,17.08876],[103.55718,17.08626],[103.56189,17.09345],[103.57373,17.09164],[103.5788,17.10201],[103.59192,17.09413],[103.60074,17.09956],[103.60319,17.09466],[103.60641,17.09944],[103.62001,17.09237],[103.62734,17.07641],[103.63774,17.07095],[103.64154,17.0562],[103.65172,17.04853],[103.64763,17.02265],[103.66115,17.02068],[103.67209,17.01983],[103.67854,17.03175],[103.68471,17.0281],[103.69425,17.03509],[103.70789,17.0207],[103.72218,17.01586],[103.72988,17.00401],[103.72305,16.99291],[103.72298,16.98069],[103.7348,16.98966],[103.74205,16.98503],[103.74593,16.97831],[103.7424,16.97226],[103.75156,16.97418],[103.76289,16.9648],[103.75267,16.94582],[103.75487,16.93268],[103.74895,16.92188],[103.73179,16.91462],[103.72563,16.87953],[103.71362,16.87141],[103.71455,16.86126],[103.70396,16.85362],[103.68539,16.85447],[103.68169,16.83083],[103.6758,16.82239],[103.67886,16.81309]]]]}},{"type":"Feature","properties":{"code":"4611","name":"ท่าคันโท","pv":"46","pv_name":"กาฬสินธุ์"},"geometry":{"type":"MultiPolygon","coordinates":[[[[103.18465,16.9482],[103.19891,16.94944],[103.20495,16.95982],[103.21129,16.95953],[103.21923,16.96796],[103.23365,16.95855],[103.24018,16.96157],[103.25339,16.96158],[103.25777,16.95172],[103.27616,16.94293],[103.27982,16.93502],[103.28744,16.92653],[103.30254,16.92257],[103.33026,16.92463],[103.35104,16.92134],[103.3644,16.91125],[103.37165,16.90271],[103.38132,16.90483],[103.39484,16.89472],[103.41115,16.86721],[103.41069,16.861],[103.4,16.85323],[103.37949,16.82971],[103.37037,16.82979],[103.3512,16.84348],[103.33743,16.83943],[103.33404,16.83086],[103.32443,16.82962],[103.31698,16.82107],[103.31143,16.82291],[103.30216,16.81441],[103.28697,16.81848],[103.28431,16.8128],[103.27637,16.81117],[103.25761,16.80471],[103.24687,16.82483],[103.24746,16.83195],[103.23106,16.83853],[103.22267,16.83631],[103.22503,16.80675],[103.22159,16.79221],[103.20307,16.78873],[103.17994,16.78639],[103.18425,16.82154],[103.17713,16.83227],[103.17817,16.84276],[103.17064,16.84862],[103.17335,16.86384],[103.13597,16.87031],[103.14029,16.8386],[103.13772,16.83077],[103.12305,16.81811],[103.11386,16.81806],[103.10193,16.83974],[103.10721,16.8436],[103.10634,16.84926],[103.11411,16.85398],[103.11199,16.8618],[103.11995,16.87149],[103.1237,16.8964],[103.11473,16.90694],[103.09839,16.91298],[103.09878,16.93047],[103.10296,16.93911],[103.11131,16.94096],[103.10936,16.9445],[103.11753,16.96152],[103.12188,16.96152],[103.12805,16.95559],[103.15984,16.94661],[103.16798,16.9524],[103.17594,16.95615],[103.18098,16.95227],[103.18465,16.9482]]]]}},{"type":"Feature","properties":{"code":"4609","name":"สหัสขันธ์","pv":"46","pv_name":"กาฬสินธุ์"},"geometry":{"type":"MultiPolygon","coordinates":[[[[103.52374,16.65439],[103.49427,16.65764],[103.46005,16.67666],[103.45475,16.68279],[103.45641,16.69287],[103.46629,16.72526],[103.47453,16.71835],[103.50793,16.7187],[103.51245,16.71248],[103.52348,16.72001],[103.5294,16.72491],[103.52922,16.74016],[103.54178,16.761],[103.53647,16.76639],[103.56418,16.78378],[103.56273,16.79545],[103.56721,16.79803],[103.56309,16.80414],[103.56719,16.80293],[103.56812,16.81362],[103.57318,16.81589],[103.57191,16.8252],[103.58094,16.82694],[103.58257,16.83693],[103.58778,16.83909],[103.60653,16.82346],[103.62599,16.83077],[103.63164,16.81703],[103.63113,16.80528],[103.64132,16.80326],[103.64603,16.79719],[103.63311,16.785],[103.63071,16.77411],[103.6484,16.77379],[103.65683,16.77902],[103.67151,16.77428],[103.6702,16.77305],[103.65728,16.76485],[103.6516,16.76661],[103.64391,16.76218],[103.63467,16.76574],[103.63906,16.75005],[103.66473,16.74163],[103.68606,16.725],[103.69646,16.71791],[103.67871,16.70582],[103.67685,16.70038],[103.66826,16.69768],[103.66296,16.68717],[103.65196,16.65447],[103.6617,16.62926],[103.64288,16.63315],[103.62578,16.62373],[103.60825,16.62986],[103.59269,16.63241],[103.58028,16.65369],[103.56803,16.66247],[103.55579,16.66146],[103.52978,16.65986],[103.52374,16.65439]]]]}},{"type":"Feature","properties":{"code":"4607","name":"ยางตลาด","pv":"46","pv_name":"กาฬสินธุ์"},"geometry":{"type":"MultiPolygon","coordinates":[[[[103.42198,16.31336],[103.41036,16.285],[103.39474,16.29762],[103.37523,16.29807],[103.35374,16.30639],[103.35224,16.30775],[103.34321,16.36031],[103.32631,16.3668],[103.3052,16.36746],[103.29991,16.36991],[103.29168,16.39268],[103.28029,16.39099],[103.26337,16.37788],[103.22904,16.37256],[103.17635,16.36258],[103.16322,16.3894],[103.1674,16.40623],[103.1743,16.40917],[103.17401,16.41999],[103.18391,16.43745],[103.18327,16.44901],[103.173,16.45888],[103.16542,16.46804],[103.16663,16.47458],[103.17858,16.48561],[103.2156,16.49276],[103.22172,16.50993],[103.23453,16.51154],[103.24419,16.5039],[103.29834,16.51068],[103.30785,16.51249],[103.34936,16.50604],[103.32632,16.5372],[103.33908,16.55101],[103.34289,16.57122],[103.35483,16.58711],[103.36243,16.58632],[103.37341,16.58785],[103.37432,16.61757],[103.40694,16.61035],[103.41935,16.60503],[103.4207,16.59683],[103.42996,16.58593],[103.43833,16.58573],[103.44339,16.56373],[103.45388,16.56311],[103.45793,16.55636],[103.45483,16.55281],[103.458,16.54914],[103.45159,16.54353],[103.45666,16.53448],[103.46468,16.54314],[103.47275,16.53968],[103.46924,16.52739],[103.47292,16.51127],[103.46454,16.50057],[103.45343,16.49139],[103.45545,16.48165],[103.44921,16.47343],[103.45586,16.46546],[103.45057,16.45169],[103.4509,16.44092],[103.45572,16.43909],[103.45409,16.43182],[103.46004,16.42356],[103.4665,16.42215],[103.46817,16.41078],[103.48322,16.39311],[103.47966,16.38798],[103.48398,16.37995],[103.50005,16.37164],[103.50395,16.36251],[103.49461,16.35668],[103.50763,16.35121],[103.51151,16.34047],[103.49612,16.34413],[103.49194,16.33892],[103.48202,16.34084],[103.47646,16.33371],[103.47162,16.33578],[103.46234,16.32447],[103.43804,16.31931],[103.42198,16.31336]]]]}},{"type":"Feature","properties":{"code":"4608","name":"ห้วยเม็ก","pv":"46","pv_name":"กาฬสินธุ์"},"geometry":{"type":"MultiPolygon","coordinates":[[[[103.23453,16.51154],[103.22172,16.50993],[103.2156,16.49276],[103.17858,16.48561],[103.16663,16.47458],[103.1592,16.49121],[103.16629,16.50146],[103.16977,16.51871],[103.17645,16.52563],[103.18479,16.54284],[103.18603,16.56102],[103.17185,16.59446],[103.16827,16.60799],[103.19526,16.6307],[103.18938,16.64206],[103.15204,16.64382],[103.15268,16.64837],[103.15121,16.66003],[103.15813,16.66991],[103.15652,16.67708],[103.15363,16.68406],[103.14869,16.6871],[103.14578,16.70096],[103.15875,16.73261],[103.1465,16.74603],[103.15209,16.76245],[103.17004,16.76878],[103.17966,16.78619],[103.17238,16.76415],[103.1775,16.7623],[103.18186,16.76749],[103.19078,16.74948],[103.20353,16.7446],[103.20144,16.72901],[103.2045,16.69958],[103.21203,16.69691],[103.21496,16.68048],[103.20775,16.66875],[103.21576,16.6581],[103.21211,16.64763],[103.23085,16.64067],[103.23499,16.63377],[103.25307,16.62453],[103.26402,16.62605],[103.27875,16.61591],[103.2964,16.61706],[103.30336,16.61188],[103.32459,16.60894],[103.33619,16.6119],[103.37432,16.61757],[103.37341,16.58785],[103.36243,16.58632],[103.35483,16.58711],[103.34289,16.57122],[103.33908,16.55101],[103.32632,16.5372],[103.34936,16.50604],[103.30785,16.51249],[103.29834,16.51068],[103.24419,16.5039],[103.23453,16.51154]]]]}},{"type":"Feature","properties":{"code":"4605","name":"กุฉินารายณ์","pv":"46","pv_name":"กาฬสินธุ์"},"geometry":{"type":"MultiPolygon","coordinates":[[[[104.09704,16.41903],[104.09531,16.41481],[104.08721,16.41521],[104.08442,16.40934],[104.06774,16.40797],[104.0672,16.3992],[104.05013,16.39531],[104.04613,16.38927],[104.04568,16.38824],[104.03943,16.39641],[104.04131,16.40125],[104.04004,16.41517],[104.03539,16.41612],[104.03981,16.42737],[104.03809,16.43658],[104.02799,16.44324],[103.99357,16.44452],[103.97756,16.43172],[103.95574,16.43812],[103.94258,16.44322],[103.93042,16.43456],[103.92132,16.4388],[103.91438,16.43905],[103.90957,16.45342],[103.90261,16.44693],[103.88533,16.4539],[103.86613,16.47066],[103.84525,16.46214],[103.82289,16.47001],[103.81244,16.48163],[103.83126,16.48854],[103.84511,16.49941],[103.86639,16.50028],[103.86672,16.51522],[103.87818,16.524],[103.89138,16.56189],[103.88386,16.56536],[103.90174,16.56865],[103.90283,16.57256],[103.91642,16.57057],[103.92963,16.56418],[103.94264,16.57015],[103.94272,16.57947],[103.94664,16.57769],[103.94569,16.58264],[103.95138,16.58472],[103.94949,16.58836],[103.96256,16.60267],[103.96155,16.61386],[103.96599,16.62059],[103.96514,16.63375],[103.96925,16.63499],[103.97241,16.66048],[103.98166,16.67167],[103.99128,16.67405],[103.99198,16.67877],[104.01235,16.67608],[104.0501,16.64945],[104.0927,16.62029],[104.12428,16.59997],[104.13313,16.60246],[104.1314,16.60794],[104.13887,16.59715],[104.16049,16.60613],[104.17851,16.59722],[104.17857,16.59711],[104.18564,16.59671],[104.2067,16.58235],[104.20643,16.56464],[104.21695,16.56251],[104.22571,16.55112],[104.22164,16.54225],[104.2226,16.53078],[104.23891,16.52334],[104.23841,16.49239],[104.22633,16.47535],[104.22919,16.46383],[104.23887,16.45549],[104.23801,16.42837],[104.23675,16.42785],[104.22163,16.43692],[104.19997,16.43067],[104.18772,16.43089],[104.17159,16.44563],[104.14681,16.43814],[104.14514,16.42866],[104.1358,16.42412],[104.12921,16.42839],[104.10122,16.42139],[104.09704,16.41903]]]]}},{"type":"Feature","properties":{"code":"4606","name":"เขาวง","pv":"46","pv_name":"กาฬสินธุ์"},"geometry":{"type":"MultiPolygon","coordinates":[[[[104.19745,16.65826],[104.19662,16.64965],[104.18824,16.64859],[104.18285,16.63767],[104.17682,16.63569],[104.18009,16.62139],[104.17494,16.60936],[104.17851,16.59722],[104.16049,16.60613],[104.13887,16.59715],[104.1314,16.60794],[104.13313,16.60246],[104.12428,16.59997],[104.0927,16.62029],[104.0501,16.64945],[104.01235,16.67608],[103.99198,16.67877],[104.00484,16.68695],[104.0103,16.68442],[104.02179,16.69524],[104.02123,16.70268],[104.02965,16.70469],[104.03143,16.71119],[104.03754,16.72194],[104.03648,16.7302],[104.04985,16.73699],[104.06018,16.74277],[104.06594,16.74069],[104.07314,16.75923],[104.08799,16.77866],[104.10104,16.78292],[104.11843,16.75934],[104.13075,16.76157],[104.13654,16.75701],[104.13078,16.74272],[104.13406,16.73302],[104.14975,16.71742],[104.15278,16.69991],[104.17066,16.69686],[104.16176,16.6836],[104.16278,16.67856],[104.19913,16.6602],[104.19745,16.65826]]]]}},{"type":"Feature","properties":{"code":"4504","name":"จตุรพักตรพิมาน","pv":"45","pv_name":"ร้อยเอ็ด"},"geometry":{"type":"MultiPolygon","coordinates":[[[[103.46113,15.73038],[103.41937,15.72129],[103.41981,15.73907],[103.40955,15.74553],[103.40059,15.7596],[103.42585,15.77348],[103.43385,15.7893],[103.43983,15.79925],[103.43423,15.80911],[103.44006,15.81388],[103.44104,15.82925],[103.43734,15.83402],[103.44014,15.83991],[103.44366,15.86702],[103.45751,15.89556],[103.45769,15.90651],[103.47832,15.92545],[103.48204,15.92967],[103.50082,15.9303],[103.51831,15.93638],[103.53224,15.9378],[103.57335,15.91684],[103.60161,15.91688],[103.61458,15.91192],[103.62867,15.89284],[103.63759,15.89169],[103.67208,15.87284],[103.69672,15.86398],[103.69171,15.83314],[103.69421,15.80256],[103.69978,15.78998],[103.69279,15.78013],[103.69446,15.77198],[103.63764,15.77773],[103.61611,15.77984],[103.61396,15.76907],[103.60686,15.76572],[103.57269,15.75221],[103.53874,15.7454],[103.50997,15.74063],[103.49875,15.73839],[103.46113,15.73038]]]]}},{"type":"Feature","properties":{"code":"4505","name":"ธวัชบุรี","pv":"45","pv_name":"ร้อยเอ็ด"},"geometry":{"type":"MultiPolygon","coordinates":[[[[103.79181,15.91273],[103.74755,15.92096],[103.72261,15.91553],[103.72304,15.91756],[103.72261,15.91553],[103.72217,15.91555],[103.71099,15.93049],[103.70483,15.95606],[103.70115,15.97318],[103.69442,15.98256],[103.68954,15.98996],[103.68056,16.00723],[103.68436,16.0147],[103.69403,16.02712],[103.70037,16.04269],[103.69075,16.0552],[103.68996,16.07045],[103.68729,16.07499],[103.72079,16.08512],[103.7216,16.09338],[103.72999,16.10165],[103.74421,16.11479],[103.75437,16.11788],[103.76311,16.11889],[103.77082,16.12055],[103.80424,16.12505],[103.83847,16.15721],[103.84531,16.1536],[103.84836,16.16339],[103.85054,16.1541],[103.84558,16.14924],[103.84897,16.14483],[103.84306,16.13977],[103.8332,16.14083],[103.82505,16.13349],[103.83122,16.12094],[103.84171,16.11599],[103.85163,16.11703],[103.87503,16.10801],[103.88838,16.08207],[103.89138,16.0776],[103.90093,16.06545],[103.88892,16.05952],[103.87446,16.06151],[103.86156,16.06457],[103.85249,16.05528],[103.82928,16.05297],[103.8317,16.03956],[103.82818,16.03301],[103.83608,16.02648],[103.82962,16.01466],[103.83458,16.00468],[103.82761,15.99558],[103.82025,15.99994],[103.81379,15.99476],[103.80013,15.97525],[103.80947,15.96127],[103.81084,15.94295],[103.81864,15.924],[103.81016,15.92388],[103.80709,15.91643],[103.80049,15.9201],[103.79459,15.91126],[103.79181,15.91273]]]]}},{"type":"Feature","properties":{"code":"4502","name":"เกษตรวิสัย","pv":"45","pv_name":"ร้อยเอ็ด"},"geometry":{"type":"MultiPolygon","coordinates":[[[[103.67593,15.53375],[103.67538,15.52353],[103.64898,15.48481],[103.6404,15.45962],[103.63421,15.45679],[103.62006,15.4607],[103.6191,15.466],[103.61185,15.46858],[103.59454,15.4664],[103.57538,15.4627],[103.56552,15.46222],[103.56156,15.4522],[103.55521,15.45437],[103.54832,15.44285],[103.55009,15.43816],[103.54393,15.43987],[103.5363,15.42839],[103.51611,15.42856],[103.50373,15.43902],[103.49285,15.43778],[103.4861,15.44286],[103.48533,15.44984],[103.47912,15.45121],[103.43336,15.45472],[103.43125,15.44949],[103.39466,15.43154],[103.39157,15.45016],[103.40349,15.46134],[103.41346,15.49276],[103.41603,15.5354],[103.42116,15.54238],[103.44126,15.54381],[103.46656,15.55952],[103.46246,15.56126],[103.46385,15.57064],[103.47687,15.59051],[103.48647,15.5941],[103.49376,15.6197],[103.49054,15.64931],[103.49416,15.67089],[103.47445,15.67631],[103.47091,15.66976],[103.46695,15.67641],[103.46443,15.67368],[103.43865,15.67765],[103.43549,15.67217],[103.43221,15.67756],[103.424,15.67687],[103.41452,15.68993],[103.40687,15.69935],[103.41521,15.70077],[103.41259,15.71258],[103.41937,15.72129],[103.46113,15.73038],[103.49875,15.73839],[103.50997,15.74063],[103.53874,15.7454],[103.57269,15.75221],[103.60686,15.76572],[103.61396,15.76907],[103.61611,15.77984],[103.63764,15.77773],[103.69446,15.77198],[103.69767,15.74069],[103.69367,15.71381],[103.68956,15.69033],[103.68127,15.66521],[103.68644,15.63078],[103.69004,15.57873],[103.67631,15.55099],[103.67593,15.53375]]]]}},{"type":"Feature","properties":{"code":"4503","name":"ปทุมรัตต์","pv":"45","pv_name":"ร้อยเอ็ด"},"geometry":{"type":"MultiPolygon","coordinates":[[[[103.4063,15.53791],[103.37555,15.53655],[103.37402,15.5308],[103.36102,15.526],[103.35472,15.54095],[103.344,15.54677],[103.33016,15.54761],[103.3218,15.55413],[103.30278,15.56227],[103.30305,15.57357],[103.29469,15.57783],[103.29394,15.59346],[103.28883,15.59709],[103.28353,15.59284],[103.27913,15.59497],[103.27381,15.60205],[103.27581,15.6115],[103.29089,15.61747],[103.29666,15.64629],[103.30148,15.64863],[103.27171,15.64954],[103.27654,15.65916],[103.27401,15.66281],[103.286,15.67441],[103.29948,15.68457],[103.29212,15.69422],[103.3012,15.69426],[103.30477,15.70181],[103.29998,15.70639],[103.31764,15.71002],[103.3252,15.69439],[103.33236,15.70151],[103.34613,15.71592],[103.34815,15.72631],[103.38931,15.70911],[103.39789,15.70798],[103.40317,15.71211],[103.41259,15.71258],[103.41521,15.70077],[103.40687,15.69935],[103.41452,15.68993],[103.424,15.67687],[103.43221,15.67756],[103.43549,15.67217],[103.43865,15.67765],[103.46443,15.67368],[103.46695,15.67641],[103.47091,15.66976],[103.47445,15.67631],[103.49416,15.67089],[103.49054,15.64931],[103.49376,15.6197],[103.48647,15.5941],[103.47687,15.59051],[103.46385,15.57064],[103.46246,15.56126],[103.46656,15.55952],[103.44126,15.54381],[103.42116,15.54238],[103.41603,15.5354],[103.41176,15.54034],[103.4063,15.53791]]]]}},{"type":"Feature","properties":{"code":"4501","name":"เมืองร้อยเอ็ด","pv":"45","pv_name":"ร้อยเอ็ด"},"geometry":{"type":"MultiPolygon","coordinates":[[[[103.70592,15.88963],[103.69696,15.86393],[103.69672,15.86398],[103.67208,15.87284],[103.63759,15.89169],[103.62867,15.89284],[103.61458,15.91192],[103.60161,15.91688],[103.57335,15.91684],[103.53224,15.9378],[103.51831,15.93638],[103.52269,15.93851],[103.53617,15.95518],[103.532,15.95855],[103.57354,15.98993],[103.5741,15.9904],[103.56535,16.00881],[103.57339,16.02865],[103.56353,16.04746],[103.55758,16.06403],[103.54494,16.06626],[103.52301,16.05687],[103.49995,16.05583],[103.49621,16.06674],[103.49567,16.11582],[103.46682,16.1296],[103.47289,16.14296],[103.48055,16.14572],[103.48391,16.16218],[103.48483,16.16268],[103.54014,16.15361],[103.56104,16.15208],[103.56277,16.12768],[103.59095,16.12378],[103.62778,16.12882],[103.63401,16.11337],[103.64187,16.09154],[103.66393,16.09163],[103.6744,16.11465],[103.69337,16.11677],[103.68045,16.09548],[103.68729,16.07499],[103.68996,16.07045],[103.69075,16.0552],[103.70037,16.04269],[103.69403,16.02712],[103.68436,16.0147],[103.68056,16.00723],[103.68954,15.98996],[103.69442,15.98256],[103.70115,15.97318],[103.70483,15.95606],[103.71099,15.93049],[103.72217,15.91555],[103.7152,15.91008],[103.70592,15.88963]]]]}},{"type":"Feature","properties":{"code":"4618","name":"ฆ้องชัย","pv":"46","pv_name":"กาฬสินธุ์"},"geometry":{"type":"MultiPolygon","coordinates":[[[[103.54876,16.23018],[103.54842,16.214],[103.5378,16.21165],[103.53555,16.21468],[103.5413,16.2217],[103.53328,16.21983],[103.52018,16.19539],[103.51352,16.20043],[103.50155,16.20035],[103.50357,16.20912],[103.49566,16.20796],[103.4924,16.20244],[103.47961,16.20817],[103.47165,16.19223],[103.46609,16.19354],[103.45185,16.18247],[103.44807,16.19205],[103.4556,16.19159],[103.44413,16.1983],[103.45041,16.20469],[103.44009,16.20613],[103.44822,16.21295],[103.44295,16.21686],[103.44809,16.21758],[103.4466,16.22784],[103.44345,16.22876],[103.43899,16.21952],[103.42903,16.2358],[103.41571,16.239],[103.41506,16.23854],[103.40465,16.25644],[103.41002,16.2634],[103.40752,16.27269],[103.41292,16.27957],[103.41036,16.285],[103.42198,16.31336],[103.43804,16.31931],[103.46234,16.32447],[103.47162,16.33578],[103.47646,16.33371],[103.48202,16.34084],[103.49194,16.33892],[103.49612,16.34413],[103.51151,16.34047],[103.51737,16.34295],[103.52393,16.31768],[103.49822,16.30095],[103.4635,16.31155],[103.45635,16.27642],[103.47499,16.28466],[103.47559,16.27187],[103.49915,16.27931],[103.51147,16.26637],[103.52888,16.2717],[103.53854,16.25859],[103.54114,16.23661],[103.54876,16.23018]]]]}},{"type":"Feature","properties":{"code":"4616","name":"นาคู","pv":"46","pv_name":"กาฬสินธุ์"},"geometry":{"type":"MultiPolygon","coordinates":[[[[104.00484,16.68695],[103.99198,16.67877],[103.99128,16.67405],[103.98166,16.67167],[103.97241,16.66048],[103.96925,16.63499],[103.96514,16.63375],[103.96599,16.62059],[103.9629,16.63596],[103.94838,16.64939],[103.94701,16.66331],[103.95113,16.69387],[103.94377,16.70492],[103.94332,16.71369],[103.95782,16.72738],[103.94668,16.73828],[103.94985,16.76009],[103.94998,16.77621],[103.95333,16.77973],[103.94905,16.78653],[103.95634,16.82084],[103.96078,16.8234],[103.96905,16.81061],[103.97765,16.82141],[103.98086,16.83634],[103.99887,16.83838],[104.02352,16.85752],[104.03328,16.85321],[104.03279,16.84506],[104.04022,16.84025],[104.04235,16.84478],[104.04749,16.84783],[104.04978,16.84225],[104.06566,16.83666],[104.0708,16.82207],[104.08315,16.80937],[104.09081,16.8109],[104.09285,16.79415],[104.10104,16.78292],[104.08799,16.77866],[104.07314,16.75923],[104.06594,16.74069],[104.06018,16.74277],[104.04985,16.73699],[104.03648,16.7302],[104.03754,16.72194],[104.03143,16.71119],[104.02965,16.70469],[104.02123,16.70268],[104.02179,16.69524],[104.0103,16.68442],[104.00484,16.68695]]]]}},{"type":"Feature","properties":{"code":"4617","name":"ดอนจาน","pv":"46","pv_name":"กาฬสินธุ์"},"geometry":{"type":"MultiPolygon","coordinates":[[[[103.7425,16.41182],[103.72784,16.40672],[103.71404,16.38667],[103.70546,16.38619],[103.6918,16.38424],[103.67207,16.39773],[103.67411,16.40923],[103.66393,16.41153],[103.66031,16.41699],[103.66181,16.43298],[103.65223,16.43746],[103.65365,16.44252],[103.62243,16.46086],[103.60017,16.46406],[103.59855,16.48833],[103.60379,16.49526],[103.61451,16.49542],[103.62321,16.49397],[103.63002,16.48555],[103.65607,16.49784],[103.65949,16.50478],[103.66536,16.51393],[103.66839,16.53731],[103.68461,16.54346],[103.68246,16.54868],[103.69134,16.54434],[103.6937,16.55031],[103.68914,16.55275],[103.69938,16.55441],[103.70222,16.55939],[103.69894,16.56413],[103.70526,16.56404],[103.7031,16.57016],[103.71222,16.56479],[103.72297,16.56774],[103.7567,16.53251],[103.77615,16.51206],[103.79279,16.5035],[103.81743,16.49308],[103.83126,16.48854],[103.81244,16.48163],[103.82289,16.47001],[103.81239,16.46527],[103.80663,16.4533],[103.79427,16.449],[103.78244,16.43563],[103.76996,16.43209],[103.7687,16.42503],[103.7425,16.41182]]]]}},{"type":"Feature","properties":{"code":"4603","name":"กมลาไสย","pv":"46","pv_name":"กาฬสินธุ์"},"geometry":{"type":"MultiPolygon","coordinates":[[[[103.66121,16.21663],[103.66345,16.20887],[103.66688,16.21173],[103.66825,16.20626],[103.67667,16.20337],[103.66932,16.1975],[103.66612,16.20016],[103.66294,16.19288],[103.6562,16.19397],[103.65335,16.20389],[103.65042,16.18846],[103.64452,16.1933],[103.63845,16.18717],[103.63354,16.18778],[103.62771,16.20546],[103.61574,16.21808],[103.60016,16.21476],[103.61306,16.21518],[103.61284,16.20852],[103.61971,16.20541],[103.61333,16.1988],[103.60716,16.20056],[103.60576,16.19408],[103.59801,16.19328],[103.59666,16.20234],[103.58846,16.19443],[103.56205,16.20304],[103.55147,16.20355],[103.54908,16.20768],[103.55502,16.20959],[103.56027,16.21893],[103.54842,16.214],[103.54876,16.23018],[103.54114,16.23661],[103.53854,16.25859],[103.52888,16.2717],[103.51147,16.26637],[103.49915,16.27931],[103.47559,16.27187],[103.47499,16.28466],[103.45635,16.27642],[103.4635,16.31155],[103.49822,16.30095],[103.52393,16.31768],[103.51737,16.34295],[103.52162,16.34781],[103.52411,16.34052],[103.53863,16.34057],[103.54199,16.33216],[103.55833,16.33321],[103.5617,16.33819],[103.5551,16.34692],[103.55833,16.35585],[103.57784,16.37249],[103.5872,16.37225],[103.62948,16.3709],[103.63061,16.37148],[103.66564,16.38782],[103.6918,16.38424],[103.70546,16.38619],[103.69928,16.37445],[103.6892,16.32969],[103.68172,16.30774],[103.68783,16.30074],[103.68808,16.28725],[103.68772,16.28454],[103.68643,16.27329],[103.69164,16.27286],[103.68765,16.26357],[103.69158,16.2612],[103.68429,16.25082],[103.68455,16.24014],[103.68983,16.24167],[103.69144,16.23379],[103.70232,16.22777],[103.70453,16.22166],[103.69043,16.2255],[103.6972,16.21699],[103.68999,16.21743],[103.68557,16.21102],[103.68511,16.21806],[103.6743,16.2118],[103.66949,16.21506],[103.67011,16.22074],[103.66487,16.2214],[103.66121,16.21663]]]]}},{"type":"Feature","properties":{"code":"4604","name":"ร่องคำ","pv":"46","pv_name":"กาฬสินธุ์"},"geometry":{"type":"MultiPolygon","coordinates":[[[[103.73259,16.23636],[103.73415,16.22344],[103.72243,16.22104],[103.70849,16.21971],[103.70453,16.22166],[103.70232,16.22777],[103.69144,16.23379],[103.68983,16.24167],[103.68455,16.24014],[103.68429,16.25082],[103.69158,16.2612],[103.68765,16.26357],[103.69164,16.27286],[103.68643,16.27329],[103.68772,16.28454],[103.68808,16.28725],[103.68783,16.30074],[103.68172,16.30774],[103.6892,16.32969],[103.69928,16.37445],[103.7234,16.34898],[103.72846,16.34172],[103.72341,16.32928],[103.75432,16.30454],[103.75501,16.29424],[103.75098,16.28737],[103.75369,16.27595],[103.75229,16.26276],[103.73373,16.24843],[103.73259,16.23636]]]]}},{"type":"Feature","properties":{"code":"4601","name":"เมืองกาฬสินธุ์","pv":"46","pv_name":"กาฬสินธุ์"},"geometry":{"type":"MultiPolygon","coordinates":[[[[103.60017,16.46406],[103.62243,16.46086],[103.65365,16.44252],[103.65223,16.43746],[103.66181,16.43298],[103.66031,16.41699],[103.66393,16.41153],[103.67411,16.40923],[103.67207,16.39773],[103.6918,16.38424],[103.66564,16.38782],[103.63061,16.37148],[103.62948,16.3709],[103.5872,16.37225],[103.57784,16.37249],[103.55833,16.35585],[103.5551,16.34692],[103.5617,16.33819],[103.55833,16.33321],[103.54199,16.33216],[103.53863,16.34057],[103.52411,16.34052],[103.52162,16.34781],[103.51737,16.34295],[103.51151,16.34047],[103.50763,16.35121],[103.49461,16.35668],[103.50395,16.36251],[103.50005,16.37164],[103.48398,16.37995],[103.47966,16.38798],[103.48322,16.39311],[103.46817,16.41078],[103.4665,16.42215],[103.46004,16.42356],[103.45409,16.43182],[103.45572,16.43909],[103.4509,16.44092],[103.45057,16.45169],[103.45586,16.46546],[103.44921,16.47343],[103.45545,16.48165],[103.45343,16.49139],[103.46454,16.50057],[103.47292,16.51127],[103.46924,16.52739],[103.47275,16.53968],[103.46468,16.54314],[103.45666,16.53448],[103.45159,16.54353],[103.458,16.54914],[103.45483,16.55281],[103.45793,16.55636],[103.45388,16.56311],[103.44339,16.56373],[103.43833,16.58573],[103.42996,16.58593],[103.4207,16.59683],[103.41935,16.60503],[103.40694,16.61035],[103.42729,16.62366],[103.44748,16.61726],[103.44916,16.61937],[103.45629,16.64127],[103.45404,16.64997],[103.44632,16.65687],[103.44688,16.66613],[103.46005,16.67666],[103.49427,16.65764],[103.52374,16.65439],[103.52978,16.65986],[103.55579,16.66146],[103.56803,16.66247],[103.58028,16.65369],[103.59269,16.63241],[103.60825,16.62986],[103.62578,16.62373],[103.64288,16.63315],[103.6617,16.62926],[103.66535,16.62163],[103.66187,16.61425],[103.66636,16.60623],[103.68733,16.59785],[103.69198,16.59699],[103.70688,16.59286],[103.7035,16.58292],[103.70862,16.57166],[103.6998,16.5746],[103.7031,16.57016],[103.70526,16.56404],[103.69894,16.56413],[103.70222,16.55939],[103.69938,16.55441],[103.68914,16.55275],[103.6937,16.55031],[103.69134,16.54434],[103.68246,16.54868],[103.68461,16.54346],[103.66839,16.53731],[103.66536,16.51393],[103.65949,16.50478],[103.65607,16.49784],[103.63002,16.48555],[103.62321,16.49397],[103.61451,16.49542],[103.60379,16.49526],[103.59855,16.48833],[103.60017,16.46406]]]]}},{"type":"Feature","properties":{"code":"4602","name":"นามน","pv":"46","pv_name":"กาฬสินธุ์"},"geometry":{"type":"MultiPolygon","coordinates":[[[[103.86804,16.56523],[103.87739,16.57097],[103.88386,16.56536],[103.89138,16.56189],[103.87818,16.524],[103.86672,16.51522],[103.86639,16.50028],[103.84511,16.49941],[103.83126,16.48854],[103.81743,16.49308],[103.79279,16.5035],[103.77615,16.51206],[103.7567,16.53251],[103.72297,16.56774],[103.71222,16.56479],[103.7031,16.57016],[103.6998,16.5746],[103.70862,16.57166],[103.7035,16.58292],[103.70688,16.59286],[103.69198,16.59699],[103.70745,16.61357],[103.71935,16.64802],[103.71646,16.67572],[103.72756,16.67892],[103.74501,16.67035],[103.77178,16.67548],[103.7783,16.66439],[103.78744,16.6526],[103.80074,16.64706],[103.82364,16.63012],[103.82812,16.61107],[103.83696,16.60298],[103.84489,16.59826],[103.84392,16.59287],[103.85061,16.58878],[103.85407,16.5759],[103.86804,16.56523]]]]}},{"type":"Feature","properties":{"code":"4412","name":"กุดรัง","pv":"44","pv_name":"มหาสารคาม"},"geometry":{"type":"MultiPolygon","coordinates":[[[[102.99807,16.02449],[103.00289,16.00227],[102.99908,15.98344],[102.98917,15.97668],[102.99026,15.96215],[102.9636,15.94559],[102.95521,15.94514],[102.95266,15.92815],[102.94061,15.90801],[102.93342,15.90617],[102.92269,15.91273],[102.90211,15.91057],[102.9098,15.9247],[102.89057,15.93709],[102.90552,15.97354],[102.90508,15.98343],[102.89399,15.99302],[102.88949,16.00525],[102.88334,16.01455],[102.8904,16.03501],[102.88508,16.03797],[102.89206,16.0397],[102.89413,16.04566],[102.89088,16.04701],[102.89537,16.05328],[102.89091,16.04991],[102.88933,16.0551],[102.88157,16.04604],[102.8595,16.04021],[102.85643,16.04738],[102.86203,16.05698],[102.84833,16.07189],[102.86106,16.09401],[102.86847,16.12701],[102.89854,16.12652],[102.90558,16.11679],[102.9166,16.11495],[102.94248,16.10187],[102.96256,16.11049],[102.97859,16.11002],[103.00131,16.10247],[103.00972,16.10757],[103.01536,16.115],[103.01782,16.13027],[103.02291,16.1321],[103.03601,16.15282],[103.04295,16.17157],[103.05762,16.15072],[103.07927,16.14443],[103.07532,16.13617],[103.08372,16.12205],[103.07947,16.10173],[103.0496,16.08606],[103.04219,16.06619],[103.03695,16.05433],[103.00245,16.03831],[102.99807,16.02449]]]]}},{"type":"Feature","properties":{"code":"4413","name":"ชื่นชม","pv":"44","pv_name":"มหาสารคาม"},"geometry":{"type":"MultiPolygon","coordinates":[[[[103.17645,16.52563],[103.16977,16.51871],[103.16629,16.50146],[103.1592,16.49121],[103.16663,16.47458],[103.16542,16.46804],[103.173,16.45888],[103.13748,16.45489],[103.13303,16.45475],[103.12833,16.45489],[103.12455,16.46132],[103.1075,16.46063],[103.10366,16.48832],[103.09376,16.4879],[103.08888,16.49037],[103.09726,16.4937],[103.10456,16.50538],[103.09968,16.51124],[103.07977,16.50986],[103.08688,16.51647],[103.08763,16.52818],[103.09493,16.53348],[103.10062,16.54141],[103.10406,16.55347],[103.11884,16.56677],[103.1206,16.58164],[103.12103,16.59251],[103.15146,16.60819],[103.15447,16.61582],[103.15066,16.62719],[103.15204,16.64382],[103.18938,16.64206],[103.19526,16.6307],[103.16827,16.60799],[103.17185,16.59446],[103.18603,16.56102],[103.18479,16.54284],[103.17645,16.52563]]]]}},{"type":"Feature","properties":{"code":"4410","name":"นาดูน","pv":"44","pv_name":"มหาสารคาม"},"geometry":{"type":"MultiPolygon","coordinates":[[[[103.286,15.67441],[103.27401,15.66281],[103.27654,15.65916],[103.27171,15.64954],[103.26625,15.64345],[103.25734,15.64243],[103.24165,15.65222],[103.22884,15.65087],[103.215,15.65319],[103.21603,15.65618],[103.19865,15.65854],[103.19036,15.66834],[103.18086,15.67887],[103.15529,15.69345],[103.15541,15.70941],[103.11816,15.69305],[103.11839,15.70166],[103.12275,15.70802],[103.13092,15.70837],[103.12869,15.71238],[103.13971,15.73069],[103.14504,15.73852],[103.15254,15.73772],[103.15296,15.74315],[103.15984,15.74209],[103.17268,15.76534],[103.17337,15.77309],[103.1735,15.77979],[103.18763,15.78718],[103.17984,15.80031],[103.20511,15.798],[103.22055,15.79822],[103.2226,15.8091],[103.23104,15.8065],[103.23185,15.80102],[103.2463,15.78844],[103.25846,15.79941],[103.26916,15.79563],[103.28779,15.79759],[103.28883,15.79159],[103.29049,15.78651],[103.30157,15.78254],[103.32139,15.76212],[103.34613,15.71592],[103.33236,15.70151],[103.3252,15.69439],[103.31764,15.71002],[103.29998,15.70639],[103.30477,15.70181],[103.3012,15.69426],[103.29212,15.69422],[103.29948,15.68457],[103.286,15.67441]]]]}},{"type":"Feature","properties":{"code":"4411","name":"ยางสีสุราช","pv":"44","pv_name":"มหาสารคาม"},"geometry":{"type":"MultiPolygon","coordinates":[[[[103.14136,15.59737],[103.10381,15.60876],[103.0787,15.63129],[103.05938,15.61618],[103.06168,15.60113],[103.05131,15.59298],[103.04977,15.59591],[103.04562,15.59326],[103.04523,15.59789],[103.02717,15.59979],[103.01289,15.61711],[103.01205,15.62022],[103.01215,15.62831],[102.99262,15.64008],[102.99451,15.64817],[102.98915,15.64721],[102.98921,15.65226],[102.97663,15.65713],[102.97271,15.66777],[102.98117,15.67428],[103.00352,15.68346],[103.00765,15.70136],[103.01802,15.69832],[103.02453,15.70648],[103.02784,15.70232],[103.06203,15.70414],[103.07907,15.71169],[103.09869,15.70007],[103.11839,15.70166],[103.11816,15.69305],[103.15541,15.70941],[103.15529,15.69345],[103.18086,15.67887],[103.19036,15.66834],[103.19865,15.65854],[103.21603,15.65618],[103.215,15.65319],[103.19635,15.61371],[103.19601,15.61337],[103.17462,15.61664],[103.15955,15.60221],[103.14136,15.59737]]]]}},{"type":"Feature","properties":{"code":"4409","name":"วาปีปทุม","pv":"44","pv_name":"มหาสารคาม"},"geometry":{"type":"MultiPolygon","coordinates":[[[[103.40059,15.7596],[103.40955,15.74553],[103.41981,15.73907],[103.41937,15.72129],[103.41259,15.71258],[103.40317,15.71211],[103.39789,15.70798],[103.38931,15.70911],[103.34815,15.72631],[103.34613,15.71592],[103.32139,15.76212],[103.30157,15.78254],[103.29049,15.78651],[103.28883,15.79159],[103.28779,15.79759],[103.26916,15.79563],[103.25846,15.79941],[103.2463,15.78844],[103.23185,15.80102],[103.23104,15.8065],[103.2226,15.8091],[103.22055,15.79822],[103.20511,15.798],[103.17984,15.80031],[103.16954,15.81467],[103.1705,15.82247],[103.1574,15.81471],[103.15524,15.82463],[103.15637,15.83111],[103.17567,15.85114],[103.1686,15.84854],[103.15019,15.86304],[103.15687,15.86615],[103.18973,15.87276],[103.22215,15.87598],[103.22782,15.88974],[103.24158,15.88847],[103.24929,15.89984],[103.2487,15.90692],[103.2585,15.90929],[103.26501,15.91975],[103.25935,15.92548],[103.26061,15.93535],[103.24941,15.95105],[103.25194,15.96403],[103.24882,15.97581],[103.25439,15.97343],[103.26286,15.97685],[103.27149,15.96742],[103.28035,15.96536],[103.29588,15.97073],[103.31067,15.9786],[103.33141,15.98295],[103.35952,15.97951],[103.38543,15.98767],[103.39055,16.00031],[103.40498,16.00609],[103.41564,16.01001],[103.44595,15.9963],[103.46336,16.00141],[103.463,15.97871],[103.46644,15.96148],[103.47494,15.94928],[103.48204,15.92967],[103.47832,15.92545],[103.45769,15.90651],[103.45751,15.89556],[103.44366,15.86702],[103.44014,15.83991],[103.43734,15.83402],[103.44104,15.82925],[103.44006,15.81388],[103.43423,15.80911],[103.43983,15.79925],[103.43385,15.7893],[103.42585,15.77348],[103.40059,15.7596]]]]}},{"type":"Feature","properties":{"code":"4407","name":"นาเชือก","pv":"44","pv_name":"มหาสารคาม"},"geometry":{"type":"MultiPolygon","coordinates":[[[[103.07907,15.71169],[103.06203,15.70414],[103.02784,15.70232],[103.02453,15.70648],[103.01802,15.69832],[103.00765,15.70136],[103.01066,15.70453],[103.00263,15.71775],[103.00599,15.72543],[102.99641,15.73414],[102.9872,15.73339],[102.97755,15.74656],[102.97911,15.7508],[102.97149,15.75696],[102.95329,15.75432],[102.94378,15.7537],[102.9438,15.76516],[102.93789,15.77615],[102.9399,15.78437],[102.93047,15.79619],[102.93187,15.81476],[102.92403,15.8203],[102.91918,15.82224],[102.92303,15.83646],[102.92003,15.84111],[102.92472,15.86225],[102.92271,15.86963],[102.93035,15.88575],[102.91464,15.89668],[102.90607,15.89663],[102.90288,15.9024],[102.90211,15.91057],[102.92269,15.91273],[102.93342,15.90617],[102.94061,15.90801],[102.96339,15.91582],[102.97843,15.91539],[103.02705,15.90543],[103.03466,15.90157],[103.05077,15.89569],[103.06176,15.87767],[103.10107,15.85125],[103.11667,15.83998],[103.12226,15.84837],[103.14636,15.86175],[103.15019,15.86304],[103.1686,15.84854],[103.17567,15.85114],[103.15637,15.83111],[103.15524,15.82463],[103.1574,15.81471],[103.1705,15.82247],[103.16954,15.81467],[103.17984,15.80031],[103.18763,15.78718],[103.1735,15.77979],[103.17337,15.77309],[103.17268,15.76534],[103.15984,15.74209],[103.15296,15.74315],[103.15254,15.73772],[103.14504,15.73852],[103.13971,15.73069],[103.12869,15.71238],[103.13092,15.70837],[103.12275,15.70802],[103.11839,15.70166],[103.09869,15.70007],[103.07907,15.71169]]]]}},{"type":"Feature","properties":{"code":"4408","name":"พยัคฆภูมิพิสัย","pv":"44","pv_name":"มหาสารคาม"},"geometry":{"type":"MultiPolygon","coordinates":[[[[103.34514,15.40869],[103.34121,15.40543],[103.33086,15.41357],[103.30694,15.41595],[103.28997,15.42089],[103.26862,15.42461],[103.26203,15.43],[103.26297,15.43859],[103.24846,15.4487],[103.22406,15.44901],[103.22402,15.45488],[103.2118,15.46102],[103.17065,15.46869],[103.14406,15.47545],[103.1111,15.48164],[103.07843,15.49347],[103.0778,15.49888],[103.07256,15.4978],[103.07472,15.51248],[103.08348,15.51791],[103.08305,15.52721],[103.0882,15.52562],[103.09032,15.53299],[103.08069,15.54684],[103.07803,15.54202],[103.05981,15.55823],[103.0531,15.55705],[103.05368,15.5612],[103.04587,15.56419],[103.04865,15.5678],[103.04531,15.57348],[103.05019,15.57651],[103.0466,15.57782],[103.05427,15.58957],[103.05131,15.59298],[103.06168,15.60113],[103.05938,15.61618],[103.0787,15.63129],[103.10381,15.60876],[103.14136,15.59737],[103.15955,15.60221],[103.17462,15.61664],[103.19601,15.61337],[103.19635,15.61371],[103.215,15.65319],[103.22884,15.65087],[103.24165,15.65222],[103.25734,15.64243],[103.26625,15.64345],[103.27171,15.64954],[103.30148,15.64863],[103.29666,15.64629],[103.29089,15.61747],[103.27581,15.6115],[103.27381,15.60205],[103.27913,15.59497],[103.28353,15.59284],[103.28883,15.59709],[103.29394,15.59346],[103.29469,15.57783],[103.30305,15.57357],[103.30278,15.56227],[103.3218,15.55413],[103.33016,15.54761],[103.344,15.54677],[103.35472,15.54095],[103.36102,15.526],[103.37402,15.5308],[103.37555,15.53655],[103.4063,15.53791],[103.41176,15.54034],[103.41603,15.5354],[103.41346,15.49276],[103.40349,15.46134],[103.39157,15.45016],[103.39466,15.43154],[103.37818,15.4276],[103.36468,15.41342],[103.34514,15.40869]]]]}},{"type":"Feature","properties":{"code":"4515","name":"เมยวดี","pv":"45","pv_name":"ร้อยเอ็ด"},"geometry":{"type":"MultiPolygon","coordinates":[[[[103.72217,15.91555],[103.72261,15.91553],[103.72261,15.91553],[103.74755,15.92096],[103.76487,15.89074],[103.73629,15.88219],[103.73043,15.84539],[103.69696,15.86393],[103.70592,15.88963],[103.7152,15.91008],[103.72217,15.91555]]],[[[104.19997,16.43067],[104.22163,16.43692],[104.23675,16.42785],[104.21418,16.41741],[104.21068,16.40499],[104.20113,16.40252],[104.18927,16.38464],[104.17565,16.38429],[104.17,16.37642],[104.16205,16.37798],[104.15115,16.36998],[104.12552,16.3419],[104.11915,16.32728],[104.1125,16.32341],[104.09367,16.32326],[104.08973,16.31436],[104.08217,16.31574],[104.07993,16.31085],[104.07101,16.3132],[104.06469,16.30903],[104.05936,16.30903],[104.04941,16.29971],[104.04331,16.30267],[104.04036,16.29821],[104.03498,16.30171],[104.02122,16.29698],[104.01791,16.30388],[104.02415,16.31365],[104.01822,16.32676],[104.01935,16.33734],[104.02477,16.34538],[104.03154,16.34545],[104.03283,16.35664],[104.03688,16.35572],[104.03117,16.36565],[104.03882,16.36771],[104.03556,16.37092],[104.04414,16.37652],[104.04568,16.38824],[104.04613,16.38927],[104.05013,16.39531],[104.0672,16.3992],[104.06774,16.40797],[104.08442,16.40934],[104.08721,16.41521],[104.09531,16.41481],[104.09704,16.41903],[104.10122,16.42139],[104.12921,16.42839],[104.1358,16.42412],[104.14514,16.42866],[104.14681,16.43814],[104.17159,16.44563],[104.18772,16.43089],[104.19997,16.43067]]]]}},{"type":"Feature","properties":{"code":"4516","name":"ศรีสมเด็จ","pv":"45","pv_name":"ร้อยเอ็ด"},"geometry":{"type":"MultiPolygon","coordinates":[[[[103.52269,15.93851],[103.51831,15.93638],[103.50082,15.9303],[103.48204,15.92967],[103.47494,15.94928],[103.46644,15.96148],[103.463,15.97871],[103.46336,16.00141],[103.46274,16.00872],[103.46038,16.01689],[103.4704,16.03918],[103.46696,16.04771],[103.46022,16.06594],[103.4528,16.0767],[103.45572,16.10839],[103.45795,16.12018],[103.46682,16.1296],[103.49567,16.11582],[103.49621,16.06674],[103.49995,16.05583],[103.52301,16.05687],[103.54494,16.06626],[103.55758,16.06403],[103.56353,16.04746],[103.57339,16.02865],[103.56535,16.00881],[103.5741,15.9904],[103.57354,15.98993],[103.532,15.95855],[103.53617,15.95518],[103.52269,15.93851]]]]}},{"type":"Feature","properties":{"code":"4513","name":"โพนทราย","pv":"45","pv_name":"ร้อยเอ็ด"},"geometry":{"type":"MultiPolygon","coordinates":[[[[103.98783,15.4069],[103.97148,15.4076],[103.97558,15.42342],[103.9695,15.42519],[103.96008,15.42203],[103.96185,15.41502],[103.94884,15.41403],[103.9412,15.42784],[103.94738,15.43404],[103.94482,15.43921],[103.9293,15.43271],[103.92627,15.43577],[103.9199,15.44062],[103.90852,15.43632],[103.90386,15.44332],[103.89775,15.44272],[103.89953,15.44955],[103.89204,15.46667],[103.88859,15.46952],[103.89119,15.46124],[103.88626,15.4546],[103.8838,15.45744],[103.87734,15.46883],[103.86593,15.46181],[103.86508,15.45328],[103.85927,15.44906],[103.85345,15.46631],[103.85546,15.48843],[103.84769,15.49141],[103.83449,15.51045],[103.82496,15.51142],[103.82507,15.51216],[103.82613,15.52685],[103.84414,15.54268],[103.84369,15.55214],[103.85416,15.55789],[103.86541,15.5508],[103.87238,15.55601],[103.87768,15.55346],[103.88995,15.55826],[103.89952,15.55154],[103.90273,15.55395],[103.90597,15.5448],[103.9197,15.54088],[103.93455,15.55926],[103.93877,15.55423],[103.93563,15.54909],[103.9425,15.55075],[103.94384,15.54313],[103.94789,15.54261],[103.95275,15.54969],[103.95543,15.54524],[103.95477,15.53985],[103.96215,15.5366],[103.96526,15.54303],[103.96896,15.54135],[103.97119,15.5462],[103.97996,15.54835],[103.98557,15.53849],[103.99511,15.53857],[103.99569,15.53536],[104.00107,15.5352],[104.00363,15.52687],[104.00764,15.53028],[104.0106,15.52637],[104.01263,15.5319],[104.02304,15.52243],[104.02333,15.52751],[104.03102,15.52055],[104.04295,15.5201],[104.04125,15.51574],[104.04501,15.51454],[104.04939,15.50437],[104.05951,15.5029],[104.06155,15.50032],[104.03269,15.49054],[104.01882,15.47187],[104.00853,15.45744],[104.00036,15.45347],[103.99546,15.44693],[103.98783,15.4069]]]]}},{"type":"Feature","properties":{"code":"4514","name":"อาจสามารถ","pv":"45","pv_name":"ร้อยเอ็ด"},"geometry":{"type":"MultiPolygon","coordinates":[[[[103.97394,15.77876],[103.99371,15.7617],[103.99063,15.74499],[103.97983,15.73303],[103.94347,15.70676],[103.92559,15.73443],[103.9034,15.75009],[103.87984,15.76039],[103.86665,15.76529],[103.85201,15.7793],[103.84725,15.78666],[103.83105,15.78935],[103.83658,15.8085],[103.82333,15.81292],[103.7918,15.81079],[103.78747,15.81617],[103.78641,15.81733],[103.77915,15.82122],[103.77572,15.83151],[103.75685,15.84334],[103.73519,15.84293],[103.73043,15.84539],[103.73629,15.88219],[103.76487,15.89074],[103.74755,15.92096],[103.79181,15.91273],[103.79459,15.91126],[103.80049,15.9201],[103.80709,15.91643],[103.81016,15.92388],[103.81864,15.924],[103.82482,15.93142],[103.84727,15.94112],[103.85408,15.93846],[103.87562,15.95047],[103.88161,15.95003],[103.88654,15.94161],[103.90022,15.93889],[103.91037,15.90883],[103.90972,15.89902],[103.9365,15.88644],[103.94286,15.8749],[103.95745,15.87067],[103.94811,15.86916],[103.94642,15.8596],[103.96059,15.86693],[103.9666,15.86367],[103.96626,15.8589],[103.95859,15.85598],[103.96273,15.84976],[103.95987,15.84372],[103.97445,15.83143],[103.9773,15.82602],[103.9707,15.82484],[103.9795,15.81033],[103.98722,15.81135],[103.98025,15.80351],[103.98644,15.80149],[103.992,15.81038],[103.98856,15.79824],[103.9662,15.78273],[103.97394,15.77876]]]]}},{"type":"Feature","properties":{"code":"4511","name":"สุวรรณภูมิ","pv":"45","pv_name":"ร้อยเอ็ด"},"geometry":{"type":"MultiPolygon","coordinates":[[[[103.82496,15.51142],[103.83449,15.51045],[103.84769,15.49141],[103.85546,15.48843],[103.85345,15.46631],[103.84518,15.4561],[103.83063,15.46065],[103.82745,15.45201],[103.81911,15.45319],[103.81068,15.44673],[103.80658,15.44957],[103.79896,15.44281],[103.78024,15.44249],[103.77701,15.43527],[103.77022,15.43994],[103.76736,15.43682],[103.76608,15.44028],[103.75806,15.43719],[103.75298,15.44041],[103.74422,15.44738],[103.73675,15.44003],[103.73267,15.4434],[103.72982,15.4386],[103.72114,15.43948],[103.71522,15.44701],[103.71363,15.44346],[103.70799,15.4473],[103.70855,15.44321],[103.70362,15.44169],[103.6905,15.44518],[103.68859,15.44919],[103.67119,15.44466],[103.6404,15.45962],[103.64898,15.48481],[103.67538,15.52353],[103.67593,15.53375],[103.67631,15.55099],[103.69004,15.57873],[103.68644,15.63078],[103.68127,15.66521],[103.68956,15.69033],[103.69367,15.71381],[103.7219,15.71955],[103.75082,15.73737],[103.77756,15.74867],[103.78677,15.7534],[103.79449,15.75901],[103.83958,15.76917],[103.85201,15.7793],[103.86665,15.76529],[103.87984,15.76039],[103.9034,15.75009],[103.92559,15.73443],[103.94347,15.70676],[103.9446,15.70495],[103.95964,15.70171],[103.96854,15.69169],[103.96524,15.65622],[103.96619,15.64286],[103.9651,15.6269],[103.95865,15.61648],[103.94164,15.59467],[103.94059,15.58366],[103.94765,15.57741],[103.93455,15.55926],[103.9197,15.54088],[103.90597,15.5448],[103.90273,15.55395],[103.89952,15.55154],[103.88995,15.55826],[103.87768,15.55346],[103.87238,15.55601],[103.86541,15.5508],[103.85416,15.55789],[103.84369,15.55214],[103.84414,15.54268],[103.82613,15.52685],[103.82507,15.51216],[103.82496,15.51142]]]]}},{"type":"Feature","properties":{"code":"4512","name":"เมืองสรวง","pv":"45","pv_name":"ร้อยเอ็ด"},"geometry":{"type":"MultiPolygon","coordinates":[[[[103.75082,15.73737],[103.7219,15.71955],[103.69367,15.71381],[103.69767,15.74069],[103.69446,15.77198],[103.69279,15.78013],[103.69978,15.78998],[103.69421,15.80256],[103.69171,15.83314],[103.69672,15.86398],[103.69696,15.86393],[103.73043,15.84539],[103.73519,15.84293],[103.75685,15.84334],[103.77572,15.83151],[103.77915,15.82122],[103.78641,15.81733],[103.78747,15.81617],[103.7918,15.81079],[103.82333,15.81292],[103.83658,15.8085],[103.83105,15.78935],[103.84725,15.78666],[103.85201,15.7793],[103.83958,15.76917],[103.79449,15.75901],[103.78677,15.7534],[103.77756,15.74867],[103.75082,15.73737]]]]}},{"type":"Feature","properties":{"code":"4510","name":"เสลภูมิ","pv":"45","pv_name":"ร้อยเอ็ด"},"geometry":{"type":"MultiPolygon","coordinates":[[[[104.01547,15.96513],[104.01132,15.95823],[104.01444,15.94975],[104.02084,15.95143],[104.02631,15.96111],[104.03594,15.94061],[104.02914,15.92592],[104.02283,15.91192],[104.01464,15.91186],[104.01931,15.90641],[104.01478,15.89301],[104.02096,15.89171],[104.01529,15.88624],[104.02146,15.88292],[104.02088,15.87805],[104.03217,15.87538],[104.02342,15.8707],[104.03654,15.86922],[104.026,15.86458],[104.0192,15.86676],[104.02861,15.86062],[104.02756,15.85172],[104.01869,15.84773],[104.02099,15.83984],[104.01591,15.83802],[104.0125,15.8445],[104.017,15.8312],[104.00716,15.83066],[104.01364,15.81808],[104.00482,15.8181],[104.00463,15.81219],[103.99723,15.81473],[104.00264,15.80309],[103.992,15.81038],[103.98644,15.80149],[103.98025,15.80351],[103.98722,15.81135],[103.9795,15.81033],[103.9707,15.82484],[103.9773,15.82602],[103.97445,15.83143],[103.95987,15.84372],[103.96273,15.84976],[103.95859,15.85598],[103.96626,15.8589],[103.9666,15.86367],[103.96059,15.86693],[103.94642,15.8596],[103.94811,15.86916],[103.95745,15.87067],[103.94286,15.8749],[103.9365,15.88644],[103.90972,15.89902],[103.91037,15.90883],[103.90022,15.93889],[103.90322,15.94846],[103.89754,15.95427],[103.90388,15.95756],[103.90688,15.94941],[103.9132,15.9482],[103.91423,15.9572],[103.92443,15.95949],[103.9213,15.96582],[103.93454,15.97339],[103.92698,15.97817],[103.93489,15.9871],[103.92566,16.00408],[103.93298,16.01099],[103.9187,16.01168],[103.91959,16.00101],[103.91317,15.99783],[103.908,16.004],[103.90578,16.02217],[103.90729,16.03417],[103.90609,16.04478],[103.90093,16.06545],[103.89138,16.0776],[103.88838,16.08207],[103.87503,16.10801],[103.85163,16.11703],[103.84171,16.11599],[103.83122,16.12094],[103.82505,16.13349],[103.8332,16.14083],[103.84306,16.13977],[103.84897,16.14483],[103.84558,16.14924],[103.85054,16.1541],[103.84836,16.16339],[103.84531,16.1536],[103.83847,16.15721],[103.82904,16.18178],[103.83466,16.19765],[103.8578,16.19096],[103.86779,16.19018],[103.88194,16.19738],[103.91041,16.18667],[103.91899,16.18467],[103.94632,16.17459],[103.98118,16.17328],[103.98799,16.16648],[103.98926,16.17006],[103.99305,16.16276],[103.98808,16.14119],[103.99246,16.14624],[103.99821,16.13274],[104.00136,16.1332],[104.00134,16.13765],[104.01172,16.14629],[104.00617,16.15259],[104.00964,16.1608],[104.03511,16.15998],[104.05903,16.14867],[104.07058,16.15314],[104.08691,16.14679],[104.09744,16.15647],[104.12204,16.19053],[104.1283,16.18969],[104.13042,16.19716],[104.13817,16.20183],[104.15366,16.2007],[104.1654,16.21019],[104.17642,16.20972],[104.19898,16.22423],[104.1971,16.21181],[104.18854,16.20699],[104.17985,16.18957],[104.18345,16.17762],[104.17817,16.14898],[104.1659,16.14248],[104.16341,16.13209],[104.15551,16.12992],[104.1518,16.1183],[104.14469,16.11417],[104.14123,16.11668],[104.13832,16.11056],[104.11514,16.11474],[104.1114,16.10695],[104.10738,16.09744],[104.10084,16.0946],[104.10215,16.08638],[104.09578,16.07382],[104.10163,16.05133],[104.11384,16.03778],[104.11007,16.01668],[104.10133,16.00521],[104.10646,15.99059],[104.09388,15.97713],[104.06684,15.98328],[104.06136,15.98841],[104.05652,15.98428],[104.05013,15.98684],[104.04779,15.98353],[104.02773,15.98372],[104.02944,15.9802],[104.02027,15.97582],[104.02168,15.97168],[104.01547,15.96513]]]]}},{"type":"Feature","properties":{"code":"4508","name":"โพธิ์ชัย","pv":"45","pv_name":"ร้อยเอ็ด"},"geometry":{"type":"MultiPolygon","coordinates":[[[[103.84824,16.20876],[103.85559,16.20682],[103.86026,16.20194],[103.8578,16.19096],[103.83466,16.19765],[103.82904,16.18178],[103.80878,16.18412],[103.80772,16.1776],[103.81486,16.17858],[103.82136,16.16682],[103.81056,16.16486],[103.79937,16.15183],[103.79107,16.15738],[103.80003,16.16391],[103.79833,16.16906],[103.78959,16.17406],[103.77864,16.17254],[103.76406,16.19547],[103.75228,16.1896],[103.74802,16.19387],[103.75129,16.20112],[103.74241,16.20683],[103.72243,16.22104],[103.73415,16.22344],[103.73259,16.23636],[103.73373,16.24843],[103.75229,16.26276],[103.75369,16.27595],[103.75098,16.28737],[103.75501,16.29424],[103.75432,16.30454],[103.72341,16.32928],[103.72846,16.34172],[103.7234,16.34898],[103.69928,16.37445],[103.70546,16.38619],[103.71404,16.38667],[103.72784,16.40672],[103.7425,16.41182],[103.7687,16.42503],[103.76996,16.43209],[103.78244,16.43563],[103.79427,16.449],[103.80663,16.4533],[103.81239,16.46527],[103.82289,16.47001],[103.84525,16.46214],[103.86613,16.47066],[103.88533,16.4539],[103.87746,16.43183],[103.88201,16.40434],[103.87899,16.39065],[103.87218,16.36789],[103.8566,16.3385],[103.83798,16.32655],[103.82307,16.32623],[103.8188,16.31041],[103.80559,16.30494],[103.81665,16.29505],[103.83337,16.2893],[103.8395,16.27559],[103.8369,16.25676],[103.81838,16.2594],[103.82968,16.24589],[103.83459,16.23252],[103.84824,16.20876]]]]}},{"type":"Feature","properties":{"code":"4509","name":"หนองพอก","pv":"45","pv_name":"ร้อยเอ็ด"},"geometry":{"type":"MultiPolygon","coordinates":[[[[104.24888,16.20255],[104.24283,16.19894],[104.24379,16.19069],[104.2303,16.16883],[104.21584,16.15746],[104.20492,16.16321],[104.19239,16.14905],[104.17817,16.14898],[104.18345,16.17762],[104.17985,16.18957],[104.18854,16.20699],[104.1971,16.21181],[104.19898,16.22423],[104.17642,16.20972],[104.1654,16.21019],[104.15366,16.2007],[104.13817,16.20183],[104.13042,16.19716],[104.1283,16.18969],[104.12204,16.19053],[104.12672,16.21884],[104.10843,16.22656],[104.07386,16.22863],[104.07761,16.24731],[104.07707,16.27916],[104.06555,16.29265],[104.06469,16.30903],[104.07101,16.3132],[104.07993,16.31085],[104.08217,16.31574],[104.08973,16.31436],[104.09367,16.32326],[104.1125,16.32341],[104.11915,16.32728],[104.12552,16.3419],[104.15115,16.36998],[104.16205,16.37798],[104.17,16.37642],[104.17565,16.38429],[104.18927,16.38464],[104.20113,16.40252],[104.21068,16.40499],[104.21418,16.41741],[104.23675,16.42785],[104.23801,16.42837],[104.24563,16.43691],[104.25006,16.43325],[104.26817,16.43751],[104.28527,16.45101],[104.28953,16.47084],[104.29399,16.47249],[104.30354,16.46338],[104.31234,16.44601],[104.31993,16.41975],[104.31657,16.38825],[104.3252,16.35804],[104.33024,16.34099],[104.32313,16.33095],[104.35153,16.32541],[104.34254,16.30733],[104.34382,16.29146],[104.32705,16.27037],[104.31188,16.25669],[104.29761,16.2532],[104.29683,16.24641],[104.29795,16.24017],[104.27383,16.22437],[104.25792,16.22442],[104.24905,16.21142],[104.24888,16.20255]]]]}},{"type":"Feature","properties":{"code":"4506","name":"พนมไพร","pv":"45","pv_name":"ร้อยเอ็ด"},"geometry":{"type":"MultiPolygon","coordinates":[[[[104.15898,15.60177],[104.12203,15.57814],[104.12144,15.56327],[104.11679,15.56124],[104.10559,15.5688],[104.09919,15.56747],[104.10455,15.54799],[104.08531,15.55045],[104.085,15.56025],[104.0767,15.57466],[104.04801,15.58446],[104.03728,15.60321],[104.03865,15.65712],[104.02399,15.6578],[104.00986,15.65259],[103.99792,15.65419],[103.96619,15.64286],[103.96524,15.65622],[103.96854,15.69169],[103.95964,15.70171],[103.9446,15.70495],[103.94347,15.70676],[103.97983,15.73303],[103.99063,15.74499],[103.99371,15.7617],[103.97394,15.77876],[103.9662,15.78273],[103.98856,15.79824],[103.992,15.81038],[104.00264,15.80309],[103.99984,15.79653],[104.0077,15.79438],[104.02782,15.79949],[104.03592,15.79673],[104.05967,15.81217],[104.07817,15.82011],[104.07926,15.82452],[104.07064,15.82565],[104.0692,15.83106],[104.0716,15.83832],[104.07858,15.83747],[104.11548,15.80522],[104.12976,15.80056],[104.1344,15.79843],[104.13721,15.78277],[104.12709,15.76966],[104.13187,15.75495],[104.14065,15.75409],[104.13173,15.74338],[104.13361,15.73555],[104.14126,15.72972],[104.12906,15.72566],[104.12698,15.71663],[104.13041,15.7066],[104.11877,15.70594],[104.12129,15.69837],[104.12807,15.69698],[104.13795,15.7107],[104.14661,15.71402],[104.14237,15.70486],[104.15054,15.6986],[104.15196,15.69097],[104.1575,15.68984],[104.16666,15.6819],[104.16708,15.67445],[104.17531,15.67286],[104.17548,15.6639],[104.18615,15.66721],[104.18415,15.65763],[104.17435,15.6621],[104.17144,15.65983],[104.17766,15.64033],[104.16942,15.63339],[104.19013,15.63276],[104.18216,15.62245],[104.18755,15.61647],[104.18645,15.60915],[104.20982,15.61871],[104.20925,15.60928],[104.17188,15.60489],[104.15898,15.60177]]]]}},{"type":"Feature","properties":{"code":"4507","name":"โพนทอง","pv":"45","pv_name":"ร้อยเอ็ด"},"geometry":{"type":"MultiPolygon","coordinates":[[[[104.07058,16.15314],[104.05903,16.14867],[104.03511,16.15998],[104.00964,16.1608],[104.00617,16.15259],[104.01172,16.14629],[104.00134,16.13765],[104.00136,16.1332],[103.99821,16.13274],[103.99246,16.14624],[103.98808,16.14119],[103.99305,16.16276],[103.98926,16.17006],[103.98799,16.16648],[103.98118,16.17328],[103.94632,16.17459],[103.91899,16.18467],[103.91041,16.18667],[103.88194,16.19738],[103.86779,16.19018],[103.8578,16.19096],[103.86026,16.20194],[103.85559,16.20682],[103.84824,16.20876],[103.83459,16.23252],[103.82968,16.24589],[103.81838,16.2594],[103.8369,16.25676],[103.8395,16.27559],[103.83337,16.2893],[103.81665,16.29505],[103.80559,16.30494],[103.8188,16.31041],[103.82307,16.32623],[103.83798,16.32655],[103.8566,16.3385],[103.87218,16.36789],[103.87899,16.39065],[103.88201,16.40434],[103.87746,16.43183],[103.88533,16.4539],[103.90261,16.44693],[103.90957,16.45342],[103.91438,16.43905],[103.92132,16.4388],[103.93042,16.43456],[103.94258,16.44322],[103.95574,16.43812],[103.97756,16.43172],[103.99357,16.44452],[104.02799,16.44324],[104.03809,16.43658],[104.03981,16.42737],[104.03539,16.41612],[104.04004,16.41517],[104.04131,16.40125],[104.03943,16.39641],[104.04568,16.38824],[104.04414,16.37652],[104.03556,16.37092],[104.03882,16.36771],[104.03117,16.36565],[104.03688,16.35572],[104.03283,16.35664],[104.03154,16.34545],[104.02477,16.34538],[104.01935,16.33734],[104.01822,16.32676],[104.02415,16.31365],[104.01791,16.30388],[104.02122,16.29698],[104.03498,16.30171],[104.04036,16.29821],[104.04331,16.30267],[104.04941,16.29971],[104.05936,16.30903],[104.06469,16.30903],[104.06555,16.29265],[104.07707,16.27916],[104.07761,16.24731],[104.07386,16.22863],[104.10843,16.22656],[104.12672,16.21884],[104.12204,16.19053],[104.09744,16.15647],[104.08691,16.14679],[104.07058,16.15314]]]]}},{"type":"Feature","properties":{"code":"4405","name":"เชียงยืน","pv":"44","pv_name":"มหาสารคาม"},"geometry":{"type":"MultiPolygon","coordinates":[[[[103.18335,16.33703],[103.17333,16.31722],[103.12511,16.32374],[103.11051,16.33066],[103.10661,16.34681],[103.08432,16.36662],[103.06501,16.36772],[103.03413,16.35122],[103.0146,16.34859],[102.99277,16.34747],[102.98128,16.35472],[102.97638,16.38569],[102.98614,16.40122],[102.98604,16.40763],[102.97764,16.41736],[102.9723,16.41328],[102.97242,16.41977],[102.97549,16.42554],[102.96216,16.42979],[102.95658,16.44264],[102.95307,16.45178],[102.98413,16.46458],[103.00629,16.46763],[103.01658,16.47378],[103.03157,16.5004],[103.03978,16.4907],[103.05803,16.49921],[103.07977,16.50986],[103.09968,16.51124],[103.10456,16.50538],[103.09726,16.4937],[103.08888,16.49037],[103.09376,16.4879],[103.10366,16.48832],[103.1075,16.46063],[103.12455,16.46132],[103.12833,16.45489],[103.13303,16.45475],[103.13748,16.45489],[103.173,16.45888],[103.18327,16.44901],[103.18391,16.43745],[103.17401,16.41999],[103.1743,16.40917],[103.1674,16.40623],[103.16322,16.3894],[103.17635,16.36258],[103.17405,16.34759],[103.18335,16.33703]]]]}},{"type":"Feature","properties":{"code":"4406","name":"บรบือ","pv":"44","pv_name":"มหาสารคาม"},"geometry":{"type":"MultiPolygon","coordinates":[[[[103.21903,15.99609],[103.24348,15.98027],[103.24882,15.97581],[103.25194,15.96403],[103.24941,15.95105],[103.26061,15.93535],[103.25935,15.92548],[103.26501,15.91975],[103.2585,15.90929],[103.2487,15.90692],[103.24929,15.89984],[103.24158,15.88847],[103.22782,15.88974],[103.22215,15.87598],[103.18973,15.87276],[103.15687,15.86615],[103.15019,15.86304],[103.14636,15.86175],[103.12226,15.84837],[103.11667,15.83998],[103.10107,15.85125],[103.06176,15.87767],[103.05077,15.89569],[103.03466,15.90157],[103.02705,15.90543],[102.97843,15.91539],[102.96339,15.91582],[102.94061,15.90801],[102.95266,15.92815],[102.95521,15.94514],[102.9636,15.94559],[102.99026,15.96215],[102.98917,15.97668],[102.99908,15.98344],[103.00289,16.00227],[102.99807,16.02449],[103.00245,16.03831],[103.03695,16.05433],[103.04219,16.06619],[103.0496,16.08606],[103.07947,16.10173],[103.08372,16.12205],[103.07532,16.13617],[103.07927,16.14443],[103.09229,16.15228],[103.11984,16.17121],[103.11862,16.16307],[103.13238,16.14886],[103.12839,16.14082],[103.12957,16.12734],[103.13992,16.12209],[103.1838,16.15231],[103.20197,16.14564],[103.20576,16.13992],[103.21501,16.13777],[103.2236,16.12655],[103.223,16.11629],[103.21402,16.10828],[103.21419,16.09951],[103.20642,16.08913],[103.21626,16.08355],[103.23627,16.09413],[103.24998,16.07913],[103.25312,16.06747],[103.22606,16.05752],[103.21154,16.04326],[103.20565,16.01621],[103.21925,16.00181],[103.21903,15.99609]]]]}},{"type":"Feature","properties":{"code":"4403","name":"โกสุมพิสัย","pv":"44","pv_name":"มหาสารคาม"},"geometry":{"type":"MultiPolygon","coordinates":[[[[103.04295,16.17157],[103.03601,16.15282],[103.02291,16.1321],[103.01782,16.13027],[103.01536,16.115],[103.00972,16.10757],[103.00131,16.10247],[102.97859,16.11002],[102.96256,16.11049],[102.94248,16.10187],[102.9166,16.11495],[102.90558,16.11679],[102.89854,16.12652],[102.86847,16.12701],[102.86465,16.12354],[102.85476,16.12812],[102.84598,16.1476],[102.85689,16.15679],[102.85842,16.1637],[102.84648,16.1867],[102.84851,16.20083],[102.84462,16.20801],[102.85026,16.22271],[102.84466,16.23524],[102.84435,16.24242],[102.84826,16.25085],[102.84617,16.27275],[102.87111,16.30108],[102.89359,16.31554],[102.89555,16.35003],[102.90862,16.34841],[102.90542,16.3595],[102.91389,16.36126],[102.91745,16.36895],[102.91945,16.36519],[102.92692,16.36633],[102.9191,16.373],[102.92438,16.37981],[102.93758,16.37723],[102.93436,16.38348],[102.93647,16.38895],[102.93964,16.3855],[102.94011,16.39253],[102.94919,16.38869],[102.95045,16.39544],[102.95559,16.39764],[102.95563,16.40179],[102.94601,16.40235],[102.94605,16.40855],[102.95654,16.41301],[102.95312,16.41473],[102.95876,16.42546],[102.97242,16.41977],[102.9723,16.41328],[102.97764,16.41736],[102.98604,16.40763],[102.98614,16.40122],[102.97638,16.38569],[102.98128,16.35472],[102.99277,16.34747],[103.0146,16.34859],[103.03413,16.35122],[103.06501,16.36772],[103.08432,16.36662],[103.10661,16.34681],[103.11051,16.33066],[103.12511,16.32374],[103.17333,16.31722],[103.17275,16.30857],[103.16355,16.29258],[103.16018,16.29323],[103.16171,16.28183],[103.15551,16.27376],[103.15909,16.25636],[103.15288,16.24432],[103.15487,16.23194],[103.15712,16.22475],[103.15182,16.21791],[103.15165,16.1957],[103.14511,16.19418],[103.12219,16.18125],[103.11984,16.17121],[103.09229,16.15228],[103.07927,16.14443],[103.05762,16.15072],[103.04295,16.17157]]]]}},{"type":"Feature","properties":{"code":"4404","name":"กันทรวิชัย","pv":"44","pv_name":"มหาสารคาม"},"geometry":{"type":"MultiPolygon","coordinates":[[[[103.35224,16.30775],[103.35374,16.30639],[103.37523,16.29807],[103.39474,16.29762],[103.41036,16.285],[103.41292,16.27957],[103.40752,16.27269],[103.41002,16.2634],[103.40465,16.25644],[103.41506,16.23854],[103.41787,16.22704],[103.40614,16.23383],[103.40313,16.24647],[103.39502,16.23625],[103.39206,16.24302],[103.38767,16.23811],[103.38406,16.24001],[103.38556,16.23444],[103.38096,16.2293],[103.37378,16.2315],[103.36991,16.22386],[103.36258,16.22736],[103.36022,16.21677],[103.35145,16.21878],[103.35482,16.22465],[103.35155,16.22759],[103.34945,16.21768],[103.34306,16.21668],[103.33507,16.219],[103.33411,16.22468],[103.32781,16.22755],[103.31621,16.23158],[103.31021,16.22756],[103.31486,16.22019],[103.32183,16.21945],[103.31843,16.21328],[103.31242,16.21933],[103.30466,16.21906],[103.30084,16.23026],[103.28933,16.22025],[103.27893,16.21813],[103.27572,16.22125],[103.27794,16.23264],[103.26747,16.23429],[103.26455,16.23163],[103.26851,16.22839],[103.26779,16.22049],[103.26303,16.2198],[103.26031,16.21394],[103.25287,16.21746],[103.25653,16.2095],[103.2398,16.20481],[103.23882,16.1972],[103.23184,16.19373],[103.22091,16.19937],[103.21537,16.19741],[103.20902,16.19467],[103.19969,16.20186],[103.18036,16.18695],[103.16753,16.18951],[103.16591,16.19531],[103.15165,16.1957],[103.15182,16.21791],[103.15712,16.22475],[103.15487,16.23194],[103.15288,16.24432],[103.15909,16.25636],[103.15551,16.27376],[103.16171,16.28183],[103.16018,16.29323],[103.16355,16.29258],[103.17275,16.30857],[103.17333,16.31722],[103.18335,16.33703],[103.17405,16.34759],[103.17635,16.36258],[103.22904,16.37256],[103.26337,16.37788],[103.28029,16.39099],[103.29168,16.39268],[103.29991,16.36991],[103.3052,16.36746],[103.32631,16.3668],[103.34321,16.36031],[103.35224,16.30775]]]]}},{"type":"Feature","properties":{"code":"4401","name":"เมืองมหาสารคาม","pv":"44","pv_name":"มหาสารคาม"},"geometry":{"type":"MultiPolygon","coordinates":[[[[103.29588,15.97073],[103.28035,15.96536],[103.27149,15.96742],[103.26286,15.97685],[103.25439,15.97343],[103.24882,15.97581],[103.24348,15.98027],[103.21903,15.99609],[103.21925,16.00181],[103.20565,16.01621],[103.21154,16.04326],[103.22606,16.05752],[103.25312,16.06747],[103.24998,16.07913],[103.23627,16.09413],[103.21626,16.08355],[103.20642,16.08913],[103.21419,16.09951],[103.21402,16.10828],[103.223,16.11629],[103.2236,16.12655],[103.21501,16.13777],[103.20576,16.13992],[103.20197,16.14564],[103.1838,16.15231],[103.13992,16.12209],[103.12957,16.12734],[103.12839,16.14082],[103.13238,16.14886],[103.11862,16.16307],[103.11984,16.17121],[103.12219,16.18125],[103.14511,16.19418],[103.15165,16.1957],[103.16591,16.19531],[103.16753,16.18951],[103.18036,16.18695],[103.19969,16.20186],[103.20902,16.19467],[103.21537,16.19741],[103.22091,16.19937],[103.23184,16.19373],[103.23882,16.1972],[103.2398,16.20481],[103.25653,16.2095],[103.25287,16.21746],[103.26031,16.21394],[103.26303,16.2198],[103.26779,16.22049],[103.26851,16.22839],[103.26455,16.23163],[103.26747,16.23429],[103.27794,16.23264],[103.27572,16.22125],[103.27893,16.21813],[103.28933,16.22025],[103.30084,16.23026],[103.30466,16.21906],[103.31242,16.21933],[103.31843,16.21328],[103.32183,16.21945],[103.31486,16.22019],[103.31021,16.22756],[103.31621,16.23158],[103.32781,16.22755],[103.33411,16.22468],[103.33507,16.219],[103.34306,16.21668],[103.34945,16.21768],[103.35155,16.22759],[103.35482,16.22465],[103.35145,16.21878],[103.36022,16.21677],[103.36258,16.22736],[103.36991,16.22386],[103.37378,16.2315],[103.38096,16.2293],[103.38556,16.23444],[103.38406,16.24001],[103.38767,16.23811],[103.39206,16.24302],[103.39502,16.23625],[103.40313,16.24647],[103.40614,16.23383],[103.41787,16.22704],[103.41506,16.23854],[103.41571,16.239],[103.42903,16.2358],[103.43899,16.21952],[103.44345,16.22876],[103.4466,16.22784],[103.44809,16.21758],[103.44295,16.21686],[103.44822,16.21295],[103.44009,16.20613],[103.45041,16.20469],[103.44413,16.1983],[103.4556,16.19159],[103.44807,16.19205],[103.45185,16.18247],[103.46609,16.19354],[103.47165,16.19223],[103.47961,16.20817],[103.4924,16.20244],[103.49415,16.19509],[103.48824,16.19241],[103.48553,16.18405],[103.48885,16.17912],[103.4895,16.16964],[103.48483,16.16268],[103.48391,16.16218],[103.48055,16.14572],[103.47289,16.14296],[103.46682,16.1296],[103.45795,16.12018],[103.45572,16.10839],[103.42368,16.10825],[103.41424,16.1123],[103.39933,16.11842],[103.36209,16.11597],[103.34848,16.10505],[103.35052,16.09885],[103.34881,16.09164],[103.33868,16.08727],[103.32954,16.08075],[103.34143,16.05944],[103.32842,16.04751],[103.32744,16.0412],[103.32915,16.0239],[103.33378,16.02542],[103.33932,16.01562],[103.34228,16.00928],[103.33141,15.98295],[103.31067,15.9786],[103.29588,15.97073]]]]}},{"type":"Feature","properties":{"code":"4402","name":"แกดำ","pv":"44","pv_name":"มหาสารคาม"},"geometry":{"type":"MultiPolygon","coordinates":[[[[103.40498,16.00609],[103.39055,16.00031],[103.38543,15.98767],[103.35952,15.97951],[103.33141,15.98295],[103.34228,16.00928],[103.33932,16.01562],[103.33378,16.02542],[103.32915,16.0239],[103.32744,16.0412],[103.32842,16.04751],[103.34143,16.05944],[103.32954,16.08075],[103.33868,16.08727],[103.34881,16.09164],[103.35052,16.09885],[103.34848,16.10505],[103.36209,16.11597],[103.39933,16.11842],[103.41424,16.1123],[103.42368,16.10825],[103.45572,16.10839],[103.4528,16.0767],[103.46022,16.06594],[103.46696,16.04771],[103.4704,16.03918],[103.46038,16.01689],[103.46274,16.00872],[103.46336,16.00141],[103.44595,15.9963],[103.41564,16.01001],[103.40498,16.00609]]]]}},{"type":"Feature","properties":{"code":"4520","name":"ทุ่งเขาหลวง","pv":"45","pv_name":"ร้อยเอ็ด"},"geometry":{"type":"MultiPolygon","coordinates":[[[[103.85408,15.93846],[103.84727,15.94112],[103.82482,15.93142],[103.81864,15.924],[103.81084,15.94295],[103.80947,15.96127],[103.80013,15.97525],[103.81379,15.99476],[103.82025,15.99994],[103.82761,15.99558],[103.83458,16.00468],[103.82962,16.01466],[103.83608,16.02648],[103.82818,16.03301],[103.8317,16.03956],[103.82928,16.05297],[103.85249,16.05528],[103.86156,16.06457],[103.87446,16.06151],[103.88892,16.05952],[103.90093,16.06545],[103.90609,16.04478],[103.90729,16.03417],[103.90578,16.02217],[103.908,16.004],[103.91317,15.99783],[103.91959,16.00101],[103.9187,16.01168],[103.93298,16.01099],[103.92566,16.00408],[103.93489,15.9871],[103.92698,15.97817],[103.93454,15.97339],[103.9213,15.96582],[103.92443,15.95949],[103.91423,15.9572],[103.9132,15.9482],[103.90688,15.94941],[103.90388,15.95756],[103.89754,15.95427],[103.90322,15.94846],[103.90022,15.93889],[103.88654,15.94161],[103.88161,15.95003],[103.87562,15.95047],[103.85408,15.93846]]]]}},{"type":"Feature","properties":{"code":"4519","name":"หนองฮี","pv":"45","pv_name":"ร้อยเอ็ด"},"geometry":{"type":"MultiPolygon","coordinates":[[[[104.0767,15.57466],[104.085,15.56025],[104.08531,15.55045],[104.07437,15.5403],[104.07785,15.53293],[104.07378,15.52309],[104.06804,15.52282],[104.06742,15.52784],[104.06477,15.52232],[104.05527,15.51537],[104.05951,15.5029],[104.04939,15.50437],[104.04501,15.51454],[104.04125,15.51574],[104.04295,15.5201],[104.03102,15.52055],[104.02333,15.52751],[104.02304,15.52243],[104.01263,15.5319],[104.0106,15.52637],[104.00764,15.53028],[104.00363,15.52687],[104.00107,15.5352],[103.99569,15.53536],[103.99511,15.53857],[103.98557,15.53849],[103.97996,15.54835],[103.97119,15.5462],[103.96896,15.54135],[103.96526,15.54303],[103.96215,15.5366],[103.95477,15.53985],[103.95543,15.54524],[103.95275,15.54969],[103.94789,15.54261],[103.94384,15.54313],[103.9425,15.55075],[103.93563,15.54909],[103.93877,15.55423],[103.93455,15.55926],[103.94765,15.57741],[103.94059,15.58366],[103.94164,15.59467],[103.95865,15.61648],[103.9651,15.6269],[103.96619,15.64286],[103.99792,15.65419],[104.00986,15.65259],[104.02399,15.6578],[104.03865,15.65712],[104.03728,15.60321],[104.04801,15.58446],[104.0767,15.57466]]]]}},{"type":"Feature","properties":{"code":"4517","name":"จังหาร","pv":"45","pv_name":"ร้อยเอ็ด"},"geometry":{"type":"MultiPolygon","coordinates":[[[[103.69334,16.12741],[103.69337,16.11677],[103.6744,16.11465],[103.66393,16.09163],[103.64187,16.09154],[103.63401,16.11337],[103.62778,16.12882],[103.59095,16.12378],[103.56277,16.12768],[103.56104,16.15208],[103.54014,16.15361],[103.48483,16.16268],[103.4895,16.16964],[103.48885,16.17912],[103.48553,16.18405],[103.48824,16.19241],[103.49415,16.19509],[103.4924,16.20244],[103.49566,16.20796],[103.50357,16.20912],[103.50155,16.20035],[103.51352,16.20043],[103.52018,16.19539],[103.53328,16.21983],[103.5413,16.2217],[103.53555,16.21468],[103.5378,16.21165],[103.54842,16.214],[103.56027,16.21893],[103.55502,16.20959],[103.54908,16.20768],[103.55147,16.20355],[103.56205,16.20304],[103.58846,16.19443],[103.59666,16.20234],[103.59801,16.19328],[103.60576,16.19408],[103.60716,16.20056],[103.61333,16.1988],[103.61971,16.20541],[103.61284,16.20852],[103.61306,16.21518],[103.60016,16.21476],[103.61574,16.21808],[103.62771,16.20546],[103.63354,16.18778],[103.63845,16.18717],[103.64452,16.1933],[103.65042,16.18846],[103.65335,16.20389],[103.6562,16.19397],[103.66294,16.19288],[103.66612,16.20016],[103.66932,16.1975],[103.67667,16.20337],[103.66825,16.20626],[103.66688,16.21173],[103.66345,16.20887],[103.66121,16.21663],[103.66487,16.2214],[103.67011,16.22074],[103.66949,16.21506],[103.6743,16.2118],[103.68511,16.21806],[103.68557,16.21102],[103.68999,16.21743],[103.6972,16.21699],[103.69043,16.2255],[103.70453,16.22166],[103.70849,16.21971],[103.71318,16.20711],[103.70185,16.18303],[103.69022,16.17999],[103.68714,16.14834],[103.69334,16.12741]]]]}},{"type":"Feature","properties":{"code":"4518","name":"เชียงขวัญ","pv":"45","pv_name":"ร้อยเอ็ด"},"geometry":{"type":"MultiPolygon","coordinates":[[[[103.72999,16.10165],[103.7216,16.09338],[103.72079,16.08512],[103.68729,16.07499],[103.68045,16.09548],[103.69337,16.11677],[103.69334,16.12741],[103.68714,16.14834],[103.69022,16.17999],[103.70185,16.18303],[103.71318,16.20711],[103.70849,16.21971],[103.72243,16.22104],[103.74241,16.20683],[103.75129,16.20112],[103.74802,16.19387],[103.75228,16.1896],[103.76406,16.19547],[103.77864,16.17254],[103.78959,16.17406],[103.79833,16.16906],[103.80003,16.16391],[103.79107,16.15738],[103.79937,16.15183],[103.81056,16.16486],[103.82136,16.16682],[103.81486,16.17858],[103.80772,16.1776],[103.80878,16.18412],[103.82904,16.18178],[103.83847,16.15721],[103.80424,16.12505],[103.77082,16.12055],[103.76311,16.11889],[103.75437,16.11788],[103.74421,16.11479],[103.72999,16.10165]]]]}}]}